NO,NAMAUPT,GARDU INDUK,BAY_PENGHANTAR,MERK,TIPE,TGL_OPRS,THN_BUAT,USIA,FASA,MERK BUSHING,TYPE BUSHING,NO SERI,JENIS BUSHING ,LEVEL MINYAK,HASIL THERMOVISI,KONDISI FISIK,Nilai Tadel,HASIL UJI TANDEL,KONDISI CENTER TAP,KETERANGAN,
1,UPT PURWOKERTO,GI 150KV BALAPULANG,TRF#1 150/20kV,UNINDO,N-RANGE,2-Jan-2012,2011,14,R,PASSONIVILLA,PNO,140783,OIP,NORMAL,NORMAL,NORMAL,,GOOD,NORMAL,Menunggu jadwal padam untuk melihat nameplate bushing,
2,UPT PURWOKERTO,GI 150KV BALAPULANG,TRF#1 150/20kV,UNINDO,N-RANGE,2-Jan-2012,2011,14,S,PASSONIVILLA,PNO,140784,OIP,NORMAL,NORMAL,NORMAL,,GOOD,NORMAL,,
3,UPT PURWOKERTO,GI 150KV BALAPULANG,TRF#1 150/20kV,UNINDO,N-RANGE,2-Jan-2012,2011,14,T,PASSONIVILLA,PNO,140785,OIP,NORMAL,NORMAL,NORMAL,,GOOD,NORMAL,,
4,UPT PURWOKERTO,GI 150KV BALAPULANG,TRF#2 150/22kV,XD SAKTI INDONESIA,SFZ-60000/150,14-Jul-2021,2018,5,R,ABB,RTF 170-750 / 1250B,,RIP,,,,,,,,
5,UPT PURWOKERTO,GI 150KV BALAPULANG,TRF#2 150/22kV,XD SAKTI INDONESIA,SFZ-60000/150,14-Jul-2021,2018,5,S,ABB,RTF 170-750 / 1250B,,RIP,,,,,,,,
6,UPT PURWOKERTO,GI 150KV BALAPULANG,TRF#2 150/22kV,XD SAKTI INDONESIA,SFZ-60000/150,14-Jul-2021,2018,5,T,ABB,RTF 170-750 / 1250B,,RIP,,,,,,,,
7,UPT PURWOKERTO,GI 150KV BANYUPUTIH,TRF#1 150/22kV,ELSEWEDY ELECTRIC,8888,12-Mar-2025,2024,1,R,,,,RIP,,,,,,,,
8,UPT PURWOKERTO,GI 150KV BANYUPUTIH,TRF#1 150/22kV,ELSEWEDY ELECTRIC,8888,12-Mar-2025,2024,1,S,,,,RIP,,,,,,,,
9,UPT PURWOKERTO,GI 150KV BANYUPUTIH,TRF#1 150/22kV,ELSEWEDY ELECTRIC,8888,12-Mar-2025,2024,1,T,,,,RIP,,,,,,,,
10,UPT PURWOKERTO,GI 150KV BANYUPUTIH,TRF#2 150/22kV,XD SAKTI INDONESIA,SFZ-60000/150,12-Mar-2025,2025,1,R,,,,RIP,,,,,,,,
11,UPT PURWOKERTO,GI 150KV BANYUPUTIH,TRF#2 150/22kV,XD SAKTI INDONESIA,SFZ-60000/150,12-Mar-2025,2025,1,S,,,,RIP,,,,,,,,
12,UPT PURWOKERTO,GI 150KV BANYUPUTIH,TRF#2 150/22kV,XD SAKTI INDONESIA,SFZ-60000/150,12-Mar-2025,2025,1,T,,,,RIP,,,,,,,,
13,UPT PURWOKERTO,GI 150KV BATANG,TRF#2 150/20kV,UNINDO,N-RANGE,2-Sep-2012,2011,13,R,PASSONIVILLA,PNO,140792,OIP,NORMAL,NORMAL,NORMAL,,GOOD,NORMAL,,
14,UPT PURWOKERTO,GI 150KV BATANG,TRF#2 150/20kV,UNINDO,N-RANGE,2-Sep-2012,2011,13,S,PASSONIVILLA,PNO,140794,OIP,NORMAL,NORMAL,NORMAL,,GOOD,NORMAL,,
15,UPT PURWOKERTO,GI 150KV BATANG,TRF#2 150/20kV,UNINDO,N-RANGE,2-Sep-2012,2011,13,T,PASSONIVILLA,PNO,140782,OIP,NORMAL,NORMAL,NORMAL,,GOOD,NORMAL,,
16,UPT PURWOKERTO,GI 150KV BATANG,TRF#3 150/20kV,UNINDO,MPT,11-Mar-2014,2013,12,R,HSP,STARIP 170-1250 E-3 spez,228106,RIP,,,,,,,,
17,UPT PURWOKERTO,GI 150KV BATANG,TRF#3 150/20kV,UNINDO,MPT,11-Mar-2014,2013,12,S,HSP,STARIP 170-1250 E-3 spez,228093,RIP,,,,,,,,
18,UPT PURWOKERTO,GI 150KV BATANG,TRF#3 150/20kV,UNINDO,MPT,11-Mar-2014,2013,12,T,HSP,STARIP 170-1250 E-3 spez,228101,RIP,,,,,,,,
19,UPT PURWOKERTO,GI 150KV BATANG,TRF#1 150/22kV,ABB,1ZKZ469152Z2624,19-Jul-2014,2018,12,R,ABB,RTF 170-750 / 1250 B,1ZCD11790640,RIP,,,,,,,,
20,UPT PURWOKERTO,GI 150KV BATANG,TRF#1 150/22kV,ABB,1ZKZ469152Z2624,19-Jul-2014,2018,12,S,ABB,RTF 170-750 / 1250 B,1ZCD11790641,RIP,,,,,,,,
21,UPT PURWOKERTO,GI 150KV BATANG,TRF#1 150/22kV,ABB,1ZKZ469152Z2624,19-Jul-2014,2018,12,T,ABB,RTF 170-750 / 1250 B,1ZCD11790639,RIP,,,,,,,,
22,UPT PURWOKERTO,GI 150KV BATANG NEW,TRF#1 150/22kV,CG PAUWELS,ORF.60/275,29-Nov-2020,2018,5,R,HSP,STARIP(R) 170 -1250 E=3 spez,0,RIP,,,,,,,,
23,UPT PURWOKERTO,GI 150KV BATANG NEW,TRF#1 150/22kV,CG PAUWELS,ORF.60/275,29-Nov-2020,2018,5,S,HSP,STARIP(R) 170 -1250 E=3 spez,0,RIP,,,,,,,,
24,UPT PURWOKERTO,GI 150KV BATANG NEW,TRF#1 150/22kV,CG PAUWELS,ORF.60/275,29-Nov-2020,2018,5,T,HSP,STARIP(R) 170 -1250 E=3 spez,0,RIP,,,,,,,,
25,UPT PURWOKERTO,GI 150KV BATANG NEW,TRF#2 150/22kV,CG PAUWELS,ORF.60/275,29-Nov-2020,2018,5,R,HSP,STARIP(R) 170 -1250 E=3 spez,0,RIP,,,,,,,,
26,UPT PURWOKERTO,GI 150KV BATANG NEW,TRF#2 150/22kV,CG PAUWELS,ORF.60/275,29-Nov-2020,2018,5,S,HSP,STARIP(R) 170 -1250 E=3 spez,0,RIP,,,,,,,,
27,UPT PURWOKERTO,GI 150KV BATANG NEW,TRF#2 150/22kV,CG PAUWELS,ORF.60/275,29-Nov-2020,2018,5,T,HSP,STARIP(R) 170 -1250 E=3 spez,0,RIP,,,,,,,,
28,UPT PURWOKERTO,GI 150KV BREBES,TRF#1 150/20kV,CG PAUWELS,ORF.60/275,18-Jan-2014,2012,12,R,HSP,STARIP 170-1250 E-3 spez,222917,RIP,,,,,,,,
29,UPT PURWOKERTO,GI 150KV BREBES,TRF#1 150/20kV,CG PAUWELS,ORF.60/275,18-Jan-2014,2012,12,S,HSP,STARIP 170-1250 E-3 spez,222920,RIP,,,,,,,,
30,UPT PURWOKERTO,GI 150KV BREBES,TRF#1 150/20kV,CG PAUWELS,ORF.60/275,18-Jan-2014,2012,12,T,HSP,STARIP 170-1250 E-3 spez,222928,RIP,,,,,,,,
31,UPT PURWOKERTO,GI 150KV BREBES,TRF#3 150/22kV,CG PAUWELS,ORF.60/275,14-Okt-2016,2015,9,R,,,,RIP,,,,,,,,
32,UPT PURWOKERTO,GI 150KV BREBES,TRF#3 150/22kV,CG PAUWELS,ORF.60/275,14-Okt-2016,2015,9,S,,,,RIP,,,,,,,,
33,UPT PURWOKERTO,GI 150KV BREBES,TRF#3 150/22kV,CG PAUWELS,ORF.60/275,14-Okt-2016,2015,9,T,,,,RIP,,,,,,,,
34,UPT PURWOKERTO,GI 150KV BREBES,TRF#2 150/22KV,CG PAUWELS,ORF.60/275,12-Jun-2017,2017,9,R,ABB,RTF 170-750/1250 B,IZCD11176294,RIP,,,,,,,,
35,UPT PURWOKERTO,GI 150KV BREBES,TRF#2 150/22KV,CG PAUWELS,ORF.60/275,12-Jun-2017,2017,9,S,ABB,RTF 170-750/1250 B,IZCD11180403,RIP,,,,,,,,
36,UPT PURWOKERTO,GI 150KV BREBES,TRF#2 150/22KV,CG PAUWELS,ORF.60/275,12-Jun-2017,2017,9,T,ABB,RTF 170-750/1250 B,IZCD11180404,RIP,,,,,,,,
37,UPT PURWOKERTO,GI 150KV BUMIAYU,TRF#2 150/20kV,PAUWELS TRAFO ASIA,ORF.30/275,1-Jan-2003,2002,23,R,TRENCH,COT,,OIP,NORMAL,NORMAL,NORMAL,,GOOD,NORMAL,,
38,UPT PURWOKERTO,GI 150KV BUMIAYU,TRF#2 150/20kV,PAUWELS TRAFO ASIA,ORF.30/275,1-Jan-2003,2002,23,S,TRENCH,COT,,OIP,NORMAL,NORMAL,NORMAL,,GOOD,NORMAL,,
39,UPT PURWOKERTO,GI 150KV BUMIAYU,TRF#2 150/20kV,PAUWELS TRAFO ASIA,ORF.30/275,1-Jan-2003,2002,23,T,TRENCH,COT,,OIP,NORMAL,NORMAL,NORMAL,,GOOD,NORMAL,,
40,UPT PURWOKERTO,GI 150KV BUMIAYU,TRF#1 150/20kV,UNINDO,MPT,14-Jun-2016,2014,10,R,PASSONIVILLA,PNO,HH03039523,OIP,NORMAL,NORMAL,NORMAL,,GOOD,NORMAL,,
41,UPT PURWOKERTO,GI 150KV BUMIAYU,TRF#1 150/20kV,UNINDO,MPT,14-Jun-2016,2014,10,S,PASSONIVILLA,PNO,HH03039524,OIP,NORMAL,NORMAL,NORMAL,,GOOD,NORMAL,,
42,UPT PURWOKERTO,GI 150KV BUMIAYU,TRF#1 150/20kV,UNINDO,MPT,14-Jun-2016,2014,10,T,PASSONIVILLA,PNO,HH03039525,OIP,NORMAL,NORMAL,NORMAL,,GOOD,NORMAL,,
43,UPT PURWOKERTO,GI 150KV COMAL,TRF#1 150/22kV,CG PAUWELS,ORF.60/275,27-Mei-2021,2018,5,R,HSP,STARIP 170-1250 E-3 spez,263488,RIP,,,,,,,,
44,UPT PURWOKERTO,GI 150KV COMAL,TRF#1 150/22kV,CG PAUWELS,ORF.60/275,27-Mei-2021,2018,5,S,HSP,STARIP 170-1250 E-3 spez,263484,RIP,,,,,,,,
45,UPT PURWOKERTO,GI 150KV COMAL,TRF#1 150/22kV,CG PAUWELS,ORF.60/275,27-Mei-2021,2018,5,T,HSP,STARIP 170-1250 E-3 spez,263489,RIP,,,,,,,,
46,UPT PURWOKERTO,GI 150KV DIENG,TRF#1 150/20kV,PASTI,ORF.30/275,18-Agu-2011,1994,14,R,,,,OIP,NORMAL,NORMAL,NORMAL,,GOOD,NORMAL,,
47,UPT PURWOKERTO,GI 150KV DIENG,TRF#1 150/20kV,PASTI,ORF.30/275,18-Agu-2011,1994,14,S,,,,OIP,NORMAL,NORMAL,NORMAL,,GOOD,NORMAL,,
48,UPT PURWOKERTO,GI 150KV DIENG,TRF#1 150/20kV,PASTI,ORF.30/275,18-Agu-2011,1994,14,T,,,,OIP,NORMAL,NORMAL,NORMAL,,GOOD,NORMAL,,
49,UPT PURWOKERTO,GI 150KV GOMBONG,TRF#1 150/20kV,UNINDO,MPT,4-Jan-2016,2014,10,R,PASSONIVILLA,,,OIP,NORMAL,NORMAL,NORMAL,,GOOD,NORMAL,,
50,UPT PURWOKERTO,GI 150KV GOMBONG,TRF#1 150/20kV,UNINDO,MPT,4-Jan-2016,2014,10,S,PASSONIVILLA,,,OIP,NORMAL,NORMAL,NORMAL,,GOOD,NORMAL,,
51,UPT PURWOKERTO,GI 150KV GOMBONG,TRF#1 150/20kV,UNINDO,MPT,4-Jan-2016,2014,10,T,PASSONIVILLA,,,OIP,NORMAL,NORMAL,NORMAL,,GOOD,NORMAL,,
52,UPT PURWOKERTO,GI 150KV GOMBONG,TRF#2 150/22kV,HYUNDAI,RP-3046,3-Jan-1987,1986,39,R,,,,OIP,NORMAL,NORMAL,NORMAL,,GOOD,NORMAL,Trafo OFF,
53,UPT PURWOKERTO,GI 150KV GOMBONG,TRF#2 150/22kV,HYUNDAI,RP-3046,3-Jan-1987,1986,39,S,,,,OIP,NORMAL,NORMAL,NORMAL,,GOOD,NORMAL,Trafo OFF,
54,UPT PURWOKERTO,GI 150KV GOMBONG,TRF#2 150/22kV,HYUNDAI,RP-3046,3-Jan-1987,1986,39,T,,,,OIP,NORMAL,NORMAL,NORMAL,,GOOD,NORMAL,Trafo OFF,
55,UPT PURWOKERTO,GI 150KV GOMBONG,TRF#3 150/22KV,CG PAUWELS,ORF.60/275,26-Jul-2021,2021,5,R,,,,RIP,,,,,,,,
56,UPT PURWOKERTO,GI 150KV GOMBONG,TRF#3 150/22KV,CG PAUWELS,ORF.60/275,26-Jul-2021,2021,5,S,,,,RIP,,,,,,,,
57,UPT PURWOKERTO,GI 150KV GOMBONG,TRF#3 150/22KV,CG PAUWELS,ORF.60/275,26-Jul-2021,2021,5,T,,,,RIP,,,,,,,,
58,UPT PURWOKERTO,GI 150KV KALIBAKAL,TRF#4 150/20kV,UNINDO,N-RANGE,2-Mar-2009,2006,17,R,TRENCH,COT,07C3401,OIP,NORMAL,NORMAL,NORMAL,,GOOD,NORMAL,,
59,UPT PURWOKERTO,GI 150KV KALIBAKAL,TRF#4 150/20kV,UNINDO,N-RANGE,2-Mar-2009,2006,17,S,TRENCH,COT,07C3437,OIP,NORMAL,NORMAL,NORMAL,,GOOD,NORMAL,,
60,UPT PURWOKERTO,GI 150KV KALIBAKAL,TRF#4 150/20kV,UNINDO,N-RANGE,2-Mar-2009,2006,17,T,TRENCH,COT,07C3439,OIP,NORMAL,NORMAL,NORMAL,,GOOD,NORMAL,,
61,UPT PURWOKERTO,GI 150KV KALIBAKAL,TRF#3 150/20kV,UNINDO,TTHRV,2-Nov-2003,1996,22,R,ABB,GOB,202678,RIP,,,,,,,,
62,UPT PURWOKERTO,GI 150KV KALIBAKAL,TRF#3 150/20kV,UNINDO,TTHRV,2-Nov-2003,1996,22,S,ABB,GOB,202679,RIP,,,,,,,,
63,UPT PURWOKERTO,GI 150KV KALIBAKAL,TRF#3 150/20kV,UNINDO,TTHRV,2-Nov-2003,1996,22,T,ABB,GOB,202678,RIP,,,,,,,,
64,UPT PURWOKERTO,GI 150KV KALIBAKAL,TRF#2 150/30/20kV,B&D TRANSFORMER,PX-194-CO1B,27-Feb-2025,2024,1,R, HITACHI ,AirRIP RTKF,1ZCD00169492,RIP,,,,,,,,
65,UPT PURWOKERTO,GI 150KV KALIBAKAL,TRF#2 150/30/20kV,B&D TRANSFORMER,PX-194-CO1B,27-Feb-2025,2024,1,S, HITACHI ,AirRIP RTKF,1ZCD00169491,RIP,,,,,,,,
66,UPT PURWOKERTO,GI 150KV KALIBAKAL,TRF#2 150/30/20kV,B&D TRANSFORMER,PX-194-CO1B,27-Feb-2025,2024,1,T, HITACHI ,AirRIP RTKF,1ZCD00169493,RIP,,,,,,,,
67,UPT PURWOKERTO,GI 150KV KALIBAKAL,TRF#5 150/20kV,CG PAUWELS,ORF.60/275,19-Des-2016,2015,9,R,ABB,RTF,1ZCD11106278,RIP,,,,,,,,
68,UPT PURWOKERTO,GI 150KV KALIBAKAL,TRF#5 150/20kV,CG PAUWELS,ORF.60/275,19-Des-2016,2015,9,S,ABB,RTF,1ZCD11106277,RIP,,,,,,,,
69,UPT PURWOKERTO,GI 150KV KALIBAKAL,TRF#5 150/20kV,CG PAUWELS,ORF.60/275,19-Des-2016,2015,9,T,ABB,RTF,1ZCD11106279,RIP,,,,,,,,
70,UPT PURWOKERTO,GI 150KV KALIBAKAL,TRF#1 150/30/22kV,B&D TRANSFORMER,PX-043-COMB,26-Des-2019,2019,6,R,HSP,STARIP,270401,RIP,,,,,,,,
71,UPT PURWOKERTO,GI 150KV KALIBAKAL,TRF#1 150/30/22kV,B&D TRANSFORMER,PX-043-COMB,26-Des-2019,2019,6,S,HSP,STARIP,270399,RIP,,,,,,,,
72,UPT PURWOKERTO,GI 150KV KALIBAKAL,TRF#1 150/30/22kV,B&D TRANSFORMER,PX-043-COMB,26-Des-2019,2019,6,T,HSP,STARIP,270400,RIP,,,,,,,,
73,UPT PURWOKERTO,GI 150KV KEBASEN,TRF#3 150/20kV,PAUWELS TRAFO ASIA,ORF.60/275,11-Agu-2008,2007,17,R,TRENCH,COT,N/A,OIP,NORMAL,NORMAL,NORMAL,,GOOD,NORMAL,,
74,UPT PURWOKERTO,GI 150KV KEBASEN,TRF#3 150/20kV,PAUWELS TRAFO ASIA,ORF.60/275,11-Agu-2008,2007,17,S,TRENCH,COT,N/A,OIP,NORMAL,NORMAL,NORMAL,,GOOD,NORMAL,,
75,UPT PURWOKERTO,GI 150KV KEBASEN,TRF#3 150/20kV,PAUWELS TRAFO ASIA,ORF.60/275,11-Agu-2008,2007,17,T,TRENCH,COT,N/A,OIP,NORMAL,NORMAL,NORMAL,,GOOD,NORMAL,,
76,UPT PURWOKERTO,GI 150KV KEBASEN,TRF#4 150/20kV,CG PAUWELS,ORF.60/275,4-Jan-2010,2010,16,R,N/A,N/A,N/A,OIP,NORMAL,NORMAL,NORMAL,,GOOD,NORMAL,,
77,UPT PURWOKERTO,GI 150KV KEBASEN,TRF#4 150/20kV,CG PAUWELS,ORF.60/275,4-Jan-2010,2010,16,S,N/A,N/A,N/A,OIP,NORMAL,NORMAL,NORMAL,,GOOD,NORMAL,,
78,UPT PURWOKERTO,GI 150KV KEBASEN,TRF#4 150/20kV,CG PAUWELS,ORF.60/275,4-Jan-2010,2010,16,T,N/A,N/A,N/A,OIP,NORMAL,NORMAL,NORMAL,,GOOD,NORMAL,,
79,UPT PURWOKERTO,GI 150KV KEBASEN,TRF#1 150/20kV,UNINDO,MPT,16-Apr-2015,2013,11,R,N/A,N/A,N/A,RIP,,,,,,,,
80,UPT PURWOKERTO,GI 150KV KEBASEN,TRF#1 150/20kV,UNINDO,MPT,16-Apr-2015,2013,11,S,N/A,N/A,N/A,RIP,,,,,,,,
81,UPT PURWOKERTO,GI 150KV KEBASEN,TRF#1 150/20kV,UNINDO,MPT,16-Apr-2015,2013,11,T,N/A,N/A,N/A,RIP,,,,,,,,
82,UPT PURWOKERTO,GI 150KV KEBASEN,TRF#2 150/22kV,B&D TRANSFORMER,PX-001-FOHB,13-Des-2017,2017,8,R,N/A,N/A,N/A,RIP,,,,,,,,
83,UPT PURWOKERTO,GI 150KV KEBASEN,TRF#2 150/22kV,B&D TRANSFORMER,PX-001-FOHB,13-Des-2017,2017,8,S,N/A,N/A,N/A,RIP,,,,,,,,
84,UPT PURWOKERTO,GI 150KV KEBASEN,TRF#2 150/22kV,B&D TRANSFORMER,PX-001-FOHB,13-Des-2017,2017,8,T,N/A,N/A,N/A,RIP,,,,,,,,
85,UPT PURWOKERTO,GI 150KV KEBUMEN,TRF#1 150/20kV,XIAN,SFZ-30000/150,19-Jan-1997,1995,29,R,HAEFELY,COT 650 800SP,N0997,OIP,KURANG JELAS,NORMAL,NORMAL,,GOOD,NORMAL,,
86,UPT PURWOKERTO,GI 150KV KEBUMEN,TRF#1 150/20kV,XIAN,SFZ-30000/150,19-Jan-1997,1995,29,S,HAEFELY,COT 650 800SP,N/A,OIP,KURANG JELAS,NORMAL,NORMAL,,GOOD,NORMAL,,
87,UPT PURWOKERTO,GI 150KV KEBUMEN,TRF#1 150/20kV,XIAN,SFZ-30000/150,19-Jan-1997,1995,29,T,HAEFELY,COT 650 800SP,N1023,OIP,KURANG JELAS,NORMAL,NORMAL,,GOOD,NORMAL,,
88,UPT PURWOKERTO,GI 150KV KEBUMEN,TRF#3 150/20kV,CG PAUWELS,ORF.60/275,12-Jan-2014,2014,12,R,HSP,STARIPO 170-1250,N3234781,RIP,,,,,,,,
89,UPT PURWOKERTO,GI 150KV KEBUMEN,TRF#3 150/20kV,CG PAUWELS,ORF.60/275,12-Jan-2014,2014,12,S,HSP,STARIPO 170-1250,N3234784,RIP,,,,,,,,
90,UPT PURWOKERTO,GI 150KV KEBUMEN,TRF#3 150/20kV,CG PAUWELS,ORF.60/275,12-Jan-2014,2014,12,T,HSP,STARIPO 170-1250,N3234783,RIP,,,,,,,,
91,UPT PURWOKERTO,GI 150KV KEBUMEN,TRF#2 150/22kV,XD SAKTI INDONESIA,SFZ-60000/150,10-Feb-2019,2018,7,R,N/A,N/A,N/A,RIP,,,,,,,,
92,UPT PURWOKERTO,GI 150KV KEBUMEN,TRF#2 150/22kV,XD SAKTI INDONESIA,SFZ-60000/150,10-Feb-2019,2018,7,S,N/A,N/A,N/A,RIP,,,,,,,,
93,UPT PURWOKERTO,GI 150KV KEBUMEN,TRF#2 150/22kV,XD SAKTI INDONESIA,SFZ-60000/150,10-Feb-2019,2018,7,T,N/A,N/A,N/A,RIP,,,,,,,,
94,UPT PURWOKERTO,GI 150KV KESUGIHAN,TRF#1 150/20kV,SHANDONG TAIKAI,SFZ11-60000/150,8-Jan-2013,2012,13,R,PASSONIVILLA,PNO 170.750.800,110859,OIP,NORMAL,NORMAL,NORMAL,,GOOD,NORMAL,,
95,UPT PURWOKERTO,GI 150KV KESUGIHAN,TRF#1 150/20kV,SHANDONG TAIKAI,SFZ11-60000/150,8-Jan-2013,2012,13,S,PASSONIVILLA,PNO 170.750.800,110874,OIP,NORMAL,NORMAL,NORMAL,,GOOD,NORMAL,,
96,UPT PURWOKERTO,GI 150KV KESUGIHAN,TRF#1 150/20kV,SHANDONG TAIKAI,SFZ11-60000/150,8-Jan-2013,2012,13,T,PASSONIVILLA,PNO 170.750.800,110841,OIP,NORMAL,NORMAL,NORMAL,,GOOD,NORMAL,,
97,UPT PURWOKERTO,GI 150KV KESUGIHAN,TRF#2 150/22kV,CG PAUWELS,ORF.60/275,18-Nov-2020,2017,5,R,HSP,STARIP 170-1250 E=3,N7263343,RIP,,,,,,,,
98,UPT PURWOKERTO,GI 150KV KESUGIHAN,TRF#2 150/22kV,CG PAUWELS,ORF.60/275,18-Nov-2020,2017,5,S,HSP,STARIP 170-1250 E=3,N7263343,RIP,,,,,,,,
99,UPT PURWOKERTO,GI 150KV KESUGIHAN,TRF#2 150/22kV,CG PAUWELS,ORF.60/275,18-Nov-2020,2017,5,T,HSP,STARIP 170-1250 E=3,N7263342,RIP,,,,,,,,
100,UPT PURWOKERTO,GI 150KV LOMANIS,TRF#1 150/30/20kV,WESTINGHOUSE,SL,1-Jan-1978,1975,48,R,WESTINGHOUSE,,,OIP,NORMAL,NORMAL,NORMAL,,GOOD,NORMAL,,
101,UPT PURWOKERTO,GI 150KV LOMANIS,TRF#1 150/30/20kV,WESTINGHOUSE,SL,1-Jan-1978,1975,48,S,WESTINGHOUSE,,,OIP,NORMAL,NORMAL,NORMAL,,GOOD,NORMAL,,
102,UPT PURWOKERTO,GI 150KV LOMANIS,TRF#1 150/30/20kV,WESTINGHOUSE,SL,1-Jan-1978,1975,48,T,WESTINGHOUSE,,,OIP,NORMAL,NORMAL,NORMAL,,GOOD,NORMAL,,
103,UPT PURWOKERTO,GI 150KV LOMANIS,TRF#3 150/22kV,B&D TRANSFORMER,PX-340-FO1B,21-Jun-2026,2025,0,R,HITACHI ENERGY,AirRIP RTKF 170-750/200 F,1ZCD00189598,RIP,,,,,,,,
104,UPT PURWOKERTO,GI 150KV LOMANIS,TRF#3 150/22kV,B&D TRANSFORMER,PX-340-FO1B,21-Jun-2026,2025,0,S,HITACHI ENERGY,AirRIP RTKF 170-750/200 F,1ZCD00190436,RIP,,,,,,,,
105,UPT PURWOKERTO,GI 150KV LOMANIS,TRF#3 150/22kV,B&D TRANSFORMER,PX-340-FO1B,21-Jun-2026,2025,0,T,HITACHI ENERGY,AirRIP RTKF 170-750/200 F,1ZCD00189599,RIP,,,,,,,,
106,UPT PURWOKERTO,GI 150KV MAJENANG,TRF#2 150/20KV,PAUWELS TRAFO ASIA,ORF.30/275,8-Agu-2002,2000,23,R,HAEFELY TRENCH,COT-750-800/03001340,B6102,BELUM DI KETAHUI,,,,,GOOD,,,
107,UPT PURWOKERTO,GI 150KV MAJENANG,TRF#2 150/20KV,PAUWELS TRAFO ASIA,ORF.30/275,8-Agu-2002,2000,23,S,HAEFELY TRENCH,COT-750-800/03001340,B6101,BELUM DI KETAHUI,,,,,GOOD,,,
108,UPT PURWOKERTO,GI 150KV MAJENANG,TRF#2 150/20KV,PAUWELS TRAFO ASIA,ORF.30/275,8-Agu-2002,2000,23,T,HAEFELY TRENCH,COT-750-800/03001340,B6103,BELUM DI KETAHUI,,,,,GOOD,,,
109,UPT PURWOKERTO,GI 150KV LOMANIS,TRF#2 150/20kV,UNINDO,MPT,3-Okt-2017,2015,8,R,PASSONIVILLA,,,OIP,NORMAL,NORMAL,NORMAL,,GOOD,NORMAL,,
110,UPT PURWOKERTO,GI 150KV LOMANIS,TRF#2 150/20kV,UNINDO,MPT,3-Okt-2017,2015,8,S,PASSONIVILLA,,,OIP,NORMAL,NORMAL,NORMAL,,GOOD,NORMAL,,
111,UPT PURWOKERTO,GI 150KV LOMANIS,TRF#2 150/20kV,UNINDO,MPT,3-Okt-2017,2015,8,T,PASSONIVILLA,,,OIP,NORMAL,NORMAL,NORMAL,,GOOD,NORMAL,,
112,UPT PURWOKERTO,GI 150KV MRICA,TRF#2 150/20kV,CG PAUWELS,ORF.60/275,13-Des-2014,2014,11,R,,,,RIP,,,,,,,,
113,UPT PURWOKERTO,GI 150KV MRICA,TRF#2 150/20kV,CG PAUWELS,ORF.60/275,13-Des-2014,2014,11,S,,,,RIP,,,,,,,,
114,UPT PURWOKERTO,GI 150KV MRICA,TRF#2 150/20kV,CG PAUWELS,ORF.60/275,13-Des-2014,2014,11,T,,,,RIP,,,,,,,,
115,UPT PURWOKERTO,GI 150KV MAJENANG,TRF#1 150/22KV,UNINDO,TTUB150/60000,6-Jun-1990,1987,36,,HAEFELY TRENCH,,,OIP,KURANG JELAS,NORMAL,NORMAL,,GOOD,NORMAL,,
116,UPT PURWOKERTO,GI 150KV MAJENANG,TRF#1 150/22KV,UNINDO,TTUB150/60000,6-Jun-1990,1987,36,,HAEFELY TRENCH,,,OIP,KURANG JELAS,NORMAL,NORMAL,,GOOD,NORMAL,,
117,UPT PURWOKERTO,GI 150KV MAJENANG,TRF#1 150/22KV,UNINDO,TTUB150/60000,6-Jun-1990,1987,36,,HAEFELY TRENCH,,,OIP,KURANG JELAS,NORMAL,NORMAL,,GOOD,NORMAL,,
118,UPT PURWOKERTO,GI 150KV MAJENANG,TRF#3 150/20kV,UNINDO,MPT,31-Mei-2016,2014,10,R,PASSONIVILLA,,,BELUM DI KETAHUI,,,,,GOOD,,,
119,UPT PURWOKERTO,GI 150KV MAJENANG,TRF#3 150/20kV,UNINDO,MPT,31-Mei-2016,2014,10,S,PASSONIVILLA,,,BELUM DI KETAHUI,,,,,GOOD,,,
120,UPT PURWOKERTO,GI 150KV MAJENANG,TRF#3 150/20kV,UNINDO,MPT,31-Mei-2016,2014,10,T,PASSONIVILLA,,,BELUM DI KETAHUI,,,,,GOOD,,,
121,UPT PURWOKERTO,GI 150KV MRICA,TRF#1 150/20kV,CG PAUWELS,ORF.60/275,7-Agu-2015,2015,10,R,,,,RIP,,,,,,,,
122,UPT PURWOKERTO,GI 150KV MRICA,TRF#1 150/20kV,CG PAUWELS,ORF.60/275,7-Agu-2015,2015,10,S,,,,RIP,,,,,,,,
123,UPT PURWOKERTO,GI 150KV MRICA,TRF#1 150/20kV,CG PAUWELS,ORF.60/275,7-Agu-2015,2015,10,T,,,,RIP,,,,,,,,
124,UPT PURWOKERTO,GI 150KV PEKALONGAN,TRF#3 150/20KV,UNINDO,TTUB150/60000,31-Mei-2002,2000,24,R,HAEFELY TRENCH,,,OIP,NORMAL,NORMAL,NORMAL,,GOOD,NORMAL,,
125,UPT PURWOKERTO,GI 150KV PEKALONGAN,TRF#3 150/20KV,UNINDO,TTUB150/60000,31-Mei-2002,2000,24,S,HAEFELY TRENCH,,,OIP,NORMAL,NORMAL,NORMAL,,GOOD,NORMAL,,
126,UPT PURWOKERTO,GI 150KV PEKALONGAN,TRF#3 150/20KV,UNINDO,TTUB150/60000,31-Mei-2002,2000,24,T,HAEFELY TRENCH,,,OIP,NORMAL,NORMAL,NORMAL,,GOOD,NORMAL,,
127,UPT PURWOKERTO,GI 150KV PEKALONGAN,TRF#2 150/22kV,SCHNEIDER,OIL FILLED WITH CONSERVATOR,23-Des-2020,2020,5,R,HSP,STARIP(R) 170-1250 E=3 SPEZ,281677,RIP,,,,,,,,
128,UPT PURWOKERTO,GI 150KV PEKALONGAN,TRF#2 150/22kV,SCHNEIDER,OIL FILLED WITH CONSERVATOR,23-Des-2020,2020,5,S,HSP,STARIP(R) 170-1250 E=3 SPEZ,281675,RIP,,,,,,,,
129,UPT PURWOKERTO,GI 150KV PEKALONGAN,TRF#2 150/22kV,SCHNEIDER,OIL FILLED WITH CONSERVATOR,23-Des-2020,2020,5,T,HSP,STARIP(R) 170-1250 E=3 SPEZ,281676,RIP,,,,,,,,
130,UPT PURWOKERTO,GI 150KV PEKALONGAN,TRF#1 150/20kV,UNINDO,MPT,22-Jun-2016,2015,10,R,PASSONIVILLA,,,OIP,NORMAL,NORMAL,NORMAL,,GOOD,NORMAL,,
131,UPT PURWOKERTO,GI 150KV PEKALONGAN,TRF#1 150/20kV,UNINDO,MPT,22-Jun-2016,2015,10,S,PASSONIVILLA,,,OIP,NORMAL,NORMAL,NORMAL,,GOOD,NORMAL,,
132,UPT PURWOKERTO,GI 150KV PEKALONGAN,TRF#1 150/20kV,UNINDO,MPT,22-Jun-2016,2015,10,T,PASSONIVILLA,,,OIP,NORMAL,NORMAL,NORMAL,,GOOD,NORMAL,,
133,UPT PURWOKERTO,GI 150KV PEMALANG,TRF#2 150/20kV,UNINDO,TTUB150/60000,11-Jul-2000,2000,26,R,,,,OIP,NORMAL,NORMAL,NORMAL,,GOOD,NORMAL,,
134,UPT PURWOKERTO,GI 150KV PEMALANG,TRF#2 150/20kV,UNINDO,TTUB150/60000,11-Jul-2000,2000,26,S,,,,OIP,NORMAL,NORMAL,NORMAL,,GOOD,NORMAL,,
135,UPT PURWOKERTO,GI 150KV PEMALANG,TRF#2 150/20kV,UNINDO,TTUB150/60000,11-Jul-2000,2000,26,T,,,,OIP,NORMAL,NORMAL,NORMAL,,GOOD,NORMAL,,
136,UPT PURWOKERTO,GI 150KV PEMALANG,TRF#3 150/22kV,UNINDO,MPT,21-Des-2016,2016,9,R,HSP,STARIP 170-1250 E=3 spez,N6250368,RIP,,,,,,,,
137,UPT PURWOKERTO,GI 150KV PEMALANG,TRF#3 150/22kV,UNINDO,MPT,21-Des-2016,2016,9,S,HSP,STARIP 170-1250 E=3 spez,,RIP,,,,,,,,
138,UPT PURWOKERTO,GI 150KV PEMALANG,TRF#3 150/22kV,UNINDO,MPT,21-Des-2016,2016,9,T,HSP,STARIP 170-1250 E=3 spez,,RIP,,,,,,,,
139,UPT PURWOKERTO,GI 150KV PEMALANG,TRF#1 150/20kV,PAUWELS TRAFO ASIA,ORF.60/275,11-Mar-2008,2008,18,R,HAEFELY TRENCH,,,OIP,NORMAL,NORMAL,NORMAL,,GOOD,NORMAL,,
140,UPT PURWOKERTO,GI 150KV PEMALANG,TRF#1 150/20kV,PAUWELS TRAFO ASIA,ORF.60/275,11-Mar-2008,2008,18,S,HAEFELY TRENCH,,,OIP,NORMAL,NORMAL,NORMAL,,GOOD,NORMAL,,
141,UPT PURWOKERTO,GI 150KV PEMALANG,TRF#1 150/20kV,PAUWELS TRAFO ASIA,ORF.60/275,11-Mar-2008,2008,18,T,HAEFELY TRENCH,,,OIP,NORMAL,NORMAL,NORMAL,,GOOD,NORMAL,,
142,UPT PURWOKERTO,GI 150KV PLTP GEODIPA,TRF#2 11/150kV,SIEMENS,1YLR760550032,1-Jan-2022,2021,4,R,,,,BELUM DI KETAHUI,,,,,,,,
143,UPT PURWOKERTO,GI 150KV PLTP GEODIPA,TRF#2 11/150kV,SIEMENS,1YLR760550032,1-Jan-2022,2021,4,S,,,,BELUM DI KETAHUI,,,,,,,,
144,UPT PURWOKERTO,GI 150KV PLTP GEODIPA,TRF#2 11/150kV,SIEMENS,1YLR760550032,1-Jan-2022,2021,4,T,,,,BELUM DI KETAHUI,,,,,,,,
145,UPT PURWOKERTO,GI 150KV PURBALINGGA,TRF#1 150/20KV,ELIN,SFZ-60000/150,29-Des-2007,2006,18,R,HAEFELY TRENCH,COT 750-800,60009,OIP,,,,,GOOD,,,
146,UPT PURWOKERTO,GI 150KV PURBALINGGA,TRF#1 150/20KV,ELIN,SFZ-60000/150,29-Des-2007,2006,18,S,HAEFELY TRENCH,COT 750-800,06 A 4100,OIP,,,,,GOOD,,,
147,UPT PURWOKERTO,GI 150KV PURBALINGGA,TRF#1 150/20KV,ELIN,SFZ-60000/150,29-Des-2007,2006,18,T,HAEFELY TRENCH,COT 750-800,60013,OIP,,,,,GOOD,,,
148,UPT PURWOKERTO,GI 150KV PURBALINGGA,TRF#2 150/20kV,CG PAUWELS,ORF.60/275,23-Mar-2015,2014,11,R,HSP,STARIP 170-1250 E=3 spez,N3 236196,RIP,,,,,,,,
149,UPT PURWOKERTO,GI 150KV PURBALINGGA,TRF#2 150/20kV,CG PAUWELS,ORF.60/275,23-Mar-2015,2014,11,S,HSP,STARIP 170-1250 E=3 spez,N3 236184,RIP,,,,,,,,
150,UPT PURWOKERTO,GI 150KV PURBALINGGA,TRF#2 150/20kV,CG PAUWELS,ORF.60/275,23-Mar-2015,2014,11,T,HSP,STARIP 170-1250 E=3 spez,N3 236183,RIP,,,,,,,,
151,UPT PURWOKERTO,GI 150KV PURBALINGGA,TRF#3 150/22kV,ABB,SFZ-60000/150,8-Sep-2019,2018,6,R,ABB,RTF 170-750 / 1250B,1ZCD11790632,RIP,,,,,,,,
152,UPT PURWOKERTO,GI 150KV PURBALINGGA,TRF#3 150/22kV,ABB,SFZ-60000/150,8-Sep-2019,2018,6,S,ABB,RTF 170-750 / 1250B,1ZCD11790628,RIP,,,,,,,,
153,UPT PURWOKERTO,GI 150KV PURBALINGGA,TRF#3 150/22kV,ABB,SFZ-60000/150,8-Sep-2019,2018,6,T,ABB,RTF 170-750 / 1250B,1ZCD11790627,RIP,,,,,,,,
154,UPT PURWOKERTO,GI 150KV RAWALO,TRF#2 150/20kV,ABB,SDOR.30000/170,12-Jul-2005,1993,21,R,ABB,GOB 750,224395,OIP,,,,,GOOD,,,
155,UPT PURWOKERTO,GI 150KV RAWALO,TRF#2 150/20kV,ABB,SDOR.30000/170,12-Jul-2005,1993,21,S,ABB,GOB 750,224394,OIP,,,,,GOOD,,,
156,UPT PURWOKERTO,GI 150KV RAWALO,TRF#2 150/20kV,ABB,SDOR.30000/170,12-Jul-2005,1993,21,T,ABB,GOB 750,224390,OIP,,,,,GOOD,,,
157,UPT PURWOKERTO,GI 150KV RAWALO,TRF#1 150/20kV,UNINDO,MPT,25-Agu-2016,2015,9,R,PASSONIVILLA,PNO 170.750.800,HH03039724,OIP,,,,,GOOD,,,
158,UPT PURWOKERTO,GI 150KV RAWALO,TRF#1 150/20kV,UNINDO,MPT,25-Agu-2016,2015,9,S,PASSONIVILLA,PNO 170.750.800,HH03040548,OIP,,,,,GOOD,,,
159,UPT PURWOKERTO,GI 150KV RAWALO,TRF#1 150/20kV,UNINDO,MPT,25-Agu-2016,2015,9,T,PASSONIVILLA,PNO 170.750.800,HH03040558,OIP,,,,,GOOD,,,
160,UPT PURWOKERTO,GI 150KV SEMENNUSANTARA,TRF#1 150/20kV,PASTI,ORF.60/275,1-Jan-1996,1995,30,R,PASSONIVILLA,PNO.170.750.800,HH03070559,OIP,NORMAL,NORMAL,NORMAL,,GOOD,NORMAL,,
161,UPT PURWOKERTO,GI 150KV SEMENNUSANTARA,TRF#1 150/20kV,PASTI,ORF.60/275,1-Jan-1996,1995,30,S,PASSONIVILLA,PNO.170.750.800,HH03070560,OIP,NORMAL,NORMAL,NORMAL,,GOOD,NORMAL,,
162,UPT PURWOKERTO,GI 150KV SEMENNUSANTARA,TRF#1 150/20kV,PASTI,ORF.60/275,1-Jan-1996,1995,30,T,PASSONIVILLA,PNO.170.750.800,HH03070562,OIP,NORMAL,NORMAL,NORMAL,,GOOD,NORMAL,,
163,UPT PURWOKERTO,GI 150KV SEMENNUSANTARA,TRF#2 150/22kV,UNINDO,MPT,23-Jan-2018,2017,8,R,PASSONIVILLA,PNR.170.750.1250,HH03064303,RIP,,,,,,,,
164,UPT PURWOKERTO,GI 150KV SEMENNUSANTARA,TRF#2 150/22kV,UNINDO,MPT,23-Jan-2018,2017,8,S,PASSONIVILLA,PNR.170.750.1250,HH03065251,RIP,,,,,,,,
165,UPT PURWOKERTO,GI 150KV SEMENNUSANTARA,TRF#2 150/22kV,UNINDO,MPT,23-Jan-2018,2017,8,T,PASSONIVILLA,PNR.170.750.1250,HH03065252,RIP,,,,,,,,
166,UPT PURWOKERTO,GI 150KV STAR,TRF#1 150/22kV,CG PAUWELS,ORF.60/275,7-Sep-2018,2017,7,R,HSP,STARIP 170-1250 E=3 spez,,RIP,,,,,,,,
167,UPT PURWOKERTO,GI 150KV STAR,TRF#1 150/22kV,CG PAUWELS,ORF.60/275,7-Sep-2018,2017,7,S,HSP,STARIP 170-1250 E=3 spez,,RIP,,,,,,,,
168,UPT PURWOKERTO,GI 150KV STAR,TRF#1 150/22kV,CG PAUWELS,ORF.60/275,7-Sep-2018,2017,7,T,HSP,STARIP 170-1250 E=3 spez,,RIP,,,,,,,,
169,UPT PURWOKERTO,GI 150KV TARUB,TRF#1 150/22kV,SCHNEIDER,ORF.60/275,12-Des-2023,2019,2,R,,,,RIP,,,,,,,,
170,UPT PURWOKERTO,GI 150KV TARUB,TRF#1 150/22kV,SCHNEIDER,ORF.60/275,12-Des-2023,2019,2,S,,,,RIP,,,,,,,,
171,UPT PURWOKERTO,GI 150KV TARUB,TRF#1 150/22kV,SCHNEIDER,ORF.60/275,12-Des-2023,2019,2,T,,,,RIP,,,,,,,,
172,UPT PURWOKERTO,GI 150KV TEMANGGUNG,TRF#1 150/20kV,PAUWELS TRAFO ASIA,ORF.30/275,5-Feb-2002,2000,24,R,TRENCH,COT 750-800/03001340,00 B 6095,OIP,KURANG JELAS,NORMAL,NORMAL,,GOOD,NORMAL,,
173,UPT PURWOKERTO,GI 150KV TEMANGGUNG,TRF#1 150/20kV,PAUWELS TRAFO ASIA,ORF.30/275,5-Feb-2002,2000,24,S,TRENCH,COT 750-800/03001340,00 B 6096,OIP,NORMAL,NORMAL,NORMAL,,GOOD,NORMAL,,
174,UPT PURWOKERTO,GI 150KV TEMANGGUNG,TRF#1 150/20kV,PAUWELS TRAFO ASIA,ORF.30/275,5-Feb-2002,2000,24,T,TRENCH,COT 750-800/03001340,00 B 6097,OIP,NORMAL,NORMAL,NORMAL,,GOOD,NORMAL,,
175,UPT PURWOKERTO,GI 150KV TEMANGGUNG,TRF#2 150/20kV,CG PAUWELS,ORF.60/275,28-Mei-2016,2015,10,R,,,,RIP,,,,,,,,
176,UPT PURWOKERTO,GI 150KV TEMANGGUNG,TRF#2 150/20kV,CG PAUWELS,ORF.60/275,28-Mei-2016,2015,10,S,,,,RIP,,,,,,,,
177,UPT PURWOKERTO,GI 150KV TEMANGGUNG,TRF#2 150/20kV,CG PAUWELS,ORF.60/275,28-Mei-2016,2015,10,T,,,,RIP,,,,,,,,
178,UPT PURWOKERTO,GI 150KV WADASLINTANG,TRF#1 150/22kV,XD SAKTI INDONESIA,SFZ-60000/150,22-Okt-2019,2018,6,R,ABB,RTF 170-750 / 1250B,1ZCD11691850,RIP,,,,,,,,
179,UPT PURWOKERTO,GI 150KV WADASLINTANG,TRF#1 150/22kV,XD SAKTI INDONESIA,SFZ-60000/150,22-Okt-2019,2018,6,S,ABB,RTF 170-750 / 1250B,1ZCD11691847,RIP,,,,,,,,
180,UPT PURWOKERTO,GI 150KV WADASLINTANG,TRF#1 150/22kV,XD SAKTI INDONESIA,SFZ-60000/150,22-Okt-2019,2018,6,T,ABB,RTF 170-750 / 1250B,1ZCD11691848,RIP,,,,,,,,
181,UPT PURWOKERTO,GI 150KV WONOSOBO,TRF#2 150/20kV,PAUWELS TRAFO ASIA,ORF.30/275,25-Sep-2003,2002,22,R,,,,OIP,,,,,GOOD,,,
182,UPT PURWOKERTO,GI 150KV WONOSOBO,TRF#2 150/20kV,PAUWELS TRAFO ASIA,ORF.30/275,25-Sep-2003,2002,22,S,,,,OIP,,,,,GOOD,,,
183,UPT PURWOKERTO,GI 150KV WONOSOBO,TRF#2 150/20kV,PAUWELS TRAFO ASIA,ORF.30/275,25-Sep-2003,2002,22,T,,,,OIP,,,,,GOOD,,,
184,UPT PURWOKERTO,GI 150KV WONOSOBO,TRF#1 150/20kV,UNINDO,MPT,20-Mei-2016,2014,10,R,,,,OIP,,,,,GOOD,,,
185,UPT PURWOKERTO,GI 150KV WONOSOBO,TRF#1 150/20kV,UNINDO,MPT,20-Mei-2016,2014,10,S,,,,OIP,,,,,GOOD,,,
186,UPT PURWOKERTO,GI 150KV WONOSOBO,TRF#1 150/20kV,UNINDO,MPT,20-Mei-2016,2014,10,T,,,,OIP,,,,,GOOD,,,
187,UPT PURWOKERTO,GITET 500KV KESUGIHAN,IBT#2 500/150kV (HV),CG PAUWELS,EORF.167/680,25-Jun-2019,2018,7,H.R,HSP,ETFt 1800-550-B E5 B spez,272302,RIP,,,,,,,,
188,UPT PURWOKERTO,GITET 500KV KESUGIHAN,IBT#2 500/150kV (HV),CG PAUWELS,EORF.167/680,25-Jun-2019,2018,7,L.R,HSP,ETFt 750-170-2500 E3 spez,269955,RIP,,,,,,,,
189,UPT PURWOKERTO,GITET 500KV KESUGIHAN,IBT#2 500/150kV (HV),CG PAUWELS,EORF.167/680,25-Jun-2019,2018,7,TV.1,HSP,ETFt 550-123-2500 E3 spez,273661,RIP,,,,,,,,
190,UPT PURWOKERTO,GITET 500KV KESUGIHAN,IBT#2 500/150kV (HV),CG PAUWELS,EORF.167/680,25-Jun-2019,2018,7,TV.2,HSP,ETFt 550-123-2500 E3 spez,273663,RIP,,,,,,,,
191,UPT PURWOKERTO,GITET 500KV KESUGIHAN,IBT#2 500/150kV (HV),CG PAUWELS,EORF 167/680,25-Jun-2019,2018,7,H.S,HSP,ETFt 1800-550-B E5 B spez,272300,RIP,,,,,,,,
192,UPT PURWOKERTO,GITET 500KV KESUGIHAN,IBT#2 500/150kV (HV),CG PAUWELS,EORF 167/680,25-Jun-2019,2018,7,L.S,HSP,ETFt 750-170-2500 E3 spez,272304,RIP,,,,,,,,
193,UPT PURWOKERTO,GITET 500KV KESUGIHAN,IBT#2 500/150kV (HV),CG PAUWELS,EORF 167/680,25-Jun-2019,2018,7,TV.1,HSP,ETFt 550-123-2500 E3 spez,273662,RIP,,,,,,,,
194,UPT PURWOKERTO,GITET 500KV KESUGIHAN,IBT#2 500/150kV (HV),CG PAUWELS,EORF 167/680,25-Jun-2019,2018,7,TV.2,HSP,ETFt 550-123-2500 E3 spez,273660,RIP,,,,,,,,
195,UPT PURWOKERTO,GITET 500KV KESUGIHAN,IBT#2 500/150kV (HV),CG PAUWELS,EORF.167/680,25-Jun-2019,2018,7,H.T,HSP,ETFt 1800-550-B E5 B spez,272301,RIP,,,,,,,,
196,UPT PURWOKERTO,GITET 500KV KESUGIHAN,IBT#2 500/150kV (HV),CG PAUWELS,EORF.167/680,25-Jun-2019,2018,7,L.T,HSP,ETFt 750-170-2500 E3 spez,272303,RIP,,,,,,,,
197,UPT PURWOKERTO,GITET 500KV KESUGIHAN,IBT#2 500/150kV (HV),CG PAUWELS,EORF.167/680,25-Jun-2019,2018,7,TV.1,HSP,ETFt 550-123-2500 E3 spez,273428,RIP,,,,,,,,
198,UPT PURWOKERTO,GITET 500KV KESUGIHAN,IBT#2 500/150kV (HV),CG PAUWELS,EORF.167/680,25-Jun-2019,2018,7,TV.2,HSP,ETFt 550-123-2500 E3 spez,273429,RIP,,,,,,,,
199,UPT PURWOKERTO,GITET 500KV KESUGIHAN,IBT#1 500/150kV (HV),CG PAUWELS,EORF.167/680,22-Nov-2017,2017,8,H.R,ABB,RTKF 550-1800 / 1600F,1ZCD11561751,RIP,,,,,,,,
200,UPT PURWOKERTO,GITET 500KV KESUGIHAN,IBT#1 500/150kV (HV),CG PAUWELS,EORF.167/680,22-Nov-2017,2017,8,L.R,ABB ,RTKF 170-750 / 2500B,1ZCD11563737,RIP,,,,,,,,
201,UPT PURWOKERTO,GITET 500KV KESUGIHAN,IBT#1 500/150kV (HV),CG PAUWELS,EORF.167/680,22-Nov-2017,2017,8,TV.1R,ABB,RKTF 123-550 / 2500 B,1ZCD11563741,RIP,,,,,,,,
202,UPT PURWOKERTO,GITET 500KV KESUGIHAN,IBT#1 500/150kV (HV),CG PAUWELS,EORF.167/680,22-Nov-2017,2017,8,TV.2R,ABB,RKTF 123-550 / 2500 B,1ZCD11563740,RIP,,,,,,,,
203,UPT PURWOKERTO,GITET 500KV KESUGIHAN,IBT#1 500/150kV (HV),CG PAUWELS,EORF.167/680,22-Nov-2017,2017,8,H.S,ABB,RTKF 550-1800 / 1600F,1ZCD11561752,RIP,,,,,,,,
204,UPT PURWOKERTO,GITET 500KV KESUGIHAN,IBT#1 500/150kV (HV),CG PAUWELS,EORF.167/680,22-Nov-2017,2017,8,L.S,ABB ,RTKF 170-750 / 2500B,1ZCD11563739,RIP,,,,,,,,
205,UPT PURWOKERTO,GITET 500KV KESUGIHAN,IBT#1 500/150kV (HV),CG PAUWELS,EORF.167/680,22-Nov-2017,2017,8,TV.1S,ABB,RKTF 123-550 / 2500 B,1ZCD11563745,RIP,,,,,,,,
206,UPT PURWOKERTO,GITET 500KV KESUGIHAN,IBT#1 500/150kV (HV),CG PAUWELS,EORF.167/680,22-Nov-2017,2017,8,TV.2S,ABB,RKTF 123-550 / 2500 B,1ZCD11563744,RIP,,,,,,,,
207,UPT PURWOKERTO,GITET 500KV KESUGIHAN,IBT#1 500/150kV (HV),CG PAUWELS,EORF.167/680,22-Nov-2017,2017,8,H.T,ABB,RTKF 550-1800 / 1600F,1ZCD11561753,RIP,,,,,,,,
208,UPT PURWOKERTO,GITET 500KV KESUGIHAN,IBT#1 500/150kV (HV),CG PAUWELS,EORF.167/680,22-Nov-2017,2017,8,L.T,ABB ,RTKF 170-750 / 2500B,1ZCD11563738,RIP,,,,,,,,
209,UPT PURWOKERTO,GITET 500KV KESUGIHAN,IBT#1 500/150kV (HV),CG PAUWELS,EORF.167/680,22-Nov-2017,2017,8,TV.1T,ABB,RKTF 72.5-350 / 1600 B,1ZCD11563746,RIP,,,,,,,,
210,UPT PURWOKERTO,GITET 500KV KESUGIHAN,IBT#1 500/150kV (HV),CG PAUWELS,EORF.167/680,22-Nov-2017,2017,8,TV.2T,ABB,RKTF 123-550 / 2500 B,1ZCD11563742,RIP,,,,,,,,
211,UPT PURWOKERTO,GITET 500KV PEMALANG,IBT#1 500/150kV (HV),XD SAKTI INDONESIA,DFSZ-166667/500,23-Nov-2020,2019,5,H.R,ABB,RTKF 550-1800 / 2000B,1ZCD12231389,RIP,,,,,,,,
212,UPT PURWOKERTO,GITET 500KV PEMALANG,IBT#1 500/150kV (HV),XD SAKTI INDONESIA,DFSZ-166667/500,23-Nov-2020,2019,5,L.R,ABB,RTKF 170-750 / 2500B,1ZCD12195688,RIP,,,,,,,,
213,UPT PURWOKERTO,GITET 500KV PEMALANG,IBT#1 500/150kV (HV),XD SAKTI INDONESIA,DFSZ-166667/500,23-Nov-2020,2019,5,TV.1R,ABB,RTKF 123-550 / 2500 B,1ZCD12195643,RIP,,,,,,,,
214,UPT PURWOKERTO,GITET 500KV PEMALANG,IBT#1 500/150kV (HV),XD SAKTI INDONESIA,DFSZ-166667/500,23-Nov-2020,2019,5,TV.2R,ABB,RTKF 123-550 / 2500 B,1ZCD12195645,RIP,,,,,,,,
215,UPT PURWOKERTO,GITET 500KV PEMALANG,IBT#1 500/150kV (HV),XD SAKTI INDONESIA,DFSZ-166667/500,23-Nov-2020,2019,5,H.S,ABB,RTKF 550-1800 / 2000B,1ZCD12231392,RIP,,,,,,,,
216,UPT PURWOKERTO,GITET 500KV PEMALANG,IBT#1 500/150kV (HV),XD SAKTI INDONESIA,DFSZ-166667/500,23-Nov-2020,2019,5,L.S,ABB,RTKF 170-750 / 2500B,,RIP,,,,,,,,
217,UPT PURWOKERTO,GITET 500KV PEMALANG,IBT#1 500/150kV (HV),XD SAKTI INDONESIA,DFSZ-166667/500,23-Nov-2020,2019,5,TV.1S,ABB,RTKF 123-550 / 2500 B,,RIP,,,,,,,,
218,UPT PURWOKERTO,GITET 500KV PEMALANG,IBT#1 500/150kV (HV),XD SAKTI INDONESIA,DFSZ-166667/500,23-Nov-2020,2019,5,TV.2S,ABB,RTKF 123-550 / 2500 B,,RIP,,,,,,,,
219,UPT PURWOKERTO,GITET 500KV PEMALANG,IBT#1 500/150kV (HV),XD SAKTI INDONESIA,DFSZ-166667/500,23-Nov-2020,2019,5,H.T,ABB,RTKF 550-1800 / 2000B,,RIP,,,,,,,,
220,UPT PURWOKERTO,GITET 500KV PEMALANG,IBT#1 500/150kV (HV),XD SAKTI INDONESIA,DFSZ-166667/500,23-Nov-2020,2019,5,L.T,ABB,RTKF 170-750 / 2500B,,RIP,,,,,,,,
221,UPT PURWOKERTO,GITET 500KV PEMALANG,IBT#1 500/150kV (HV),XD SAKTI INDONESIA,DFSZ-166667/500,23-Nov-2020,2019,5,TV.1T,ABB,RTKF 123-550 / 2500 B,,RIP,,,,,,,,
222,UPT PURWOKERTO,GITET 500KV PEMALANG,IBT#1 500/150kV (HV),XD SAKTI INDONESIA,DFSZ-166667/500,23-Nov-2020,2019,5,TV.2T,ABB,RTKF 123-550 / 2500 B,,RIP,,,,,,,,
223,UPT PURWOKERTO,GITET 500KV PEMALANG,IBT#2 500/150kV (HV),XD SAKTI INDONESIA,DFSZ-166667/500,23-Nov-2020,2019,5,H.R,ABB,RTKF 550-1800 / 2000B,,RIP,,,,,,,,
224,UPT PURWOKERTO,GITET 500KV PEMALANG,IBT#2 500/150kV (HV),XD SAKTI INDONESIA,DFSZ-166667/500,23-Nov-2020,2019,5,L.R,ABB,RTKF 170-750 / 2500B,,RIP,,,,,,,,
225,UPT PURWOKERTO,GITET 500KV PEMALANG,IBT#2 500/150kV (HV),XD SAKTI INDONESIA,DFSZ-166667/500,23-Nov-2020,2019,5,TV.1R,ABB,RTKF 123-550 / 2500 B,,RIP,,,,,,,,
226,UPT PURWOKERTO,GITET 500KV PEMALANG,IBT#2 500/150kV (HV),XD SAKTI INDONESIA,DFSZ-166667/500,23-Nov-2020,2019,5,TV.2R,ABB,RTKF 123-550 / 2500 B,,RIP,,,,,,,,
227,UPT PURWOKERTO,GITET 500KV PEMALANG,IBT#2 500/150kV (HV),XD SAKTI INDONESIA,DFSZ-166667/500,23-Nov-2020,2019,5,H.S,ABB,RTKF 550-1800 / 2000B,,RIP,,,,,,,,
228,UPT PURWOKERTO,GITET 500KV PEMALANG,IBT#2 500/150kV (HV),XD SAKTI INDONESIA,DFSZ-166667/500,23-Nov-2020,2019,5,L.S,ABB,RTKF 170-750 / 2500B,,RIP,,,,,,,,
229,UPT PURWOKERTO,GITET 500KV PEMALANG,IBT#2 500/150kV (HV),XD SAKTI INDONESIA,DFSZ-166667/500,23-Nov-2020,2019,5,TV.1S,ABB,RTKF 123-550 / 2500 B,,RIP,,,,,,,,
230,UPT PURWOKERTO,GITET 500KV PEMALANG,IBT#2 500/150kV (HV),XD SAKTI INDONESIA,DFSZ-166667/500,23-Nov-2020,2019,5,TV.2S,ABB,RTKF 123-550 / 2500 B,,RIP,,,,,,,,
231,UPT PURWOKERTO,GITET 500KV PEMALANG,IBT#2 500/150kV (HV),XD SAKTI INDONESIA,DFSZ-166667/500,23-Nov-2020,2019,5,H.T,ABB,RTKF 550-1800 / 2000B,,RIP,,,,,,,,
232,UPT PURWOKERTO,GITET 500KV PEMALANG,IBT#2 500/150kV (HV),XD SAKTI INDONESIA,DFSZ-166667/500,23-Nov-2020,2019,5,L.T,ABB,RTKF 170-750 / 2500B,,RIP,,,,,,,,
233,UPT PURWOKERTO,GITET 500KV PEMALANG,IBT#2 500/150kV (HV),XD SAKTI INDONESIA,DFSZ-166667/500,23-Nov-2020,2019,5,TV.1T,ABB,RTKF 123-550 / 2500 B,,RIP,,,,,,,,
234,UPT PURWOKERTO,GITET 500KV PEMALANG,IBT#2 500/150kV (HV),XD SAKTI INDONESIA,DFSZ-166667/500,23-Nov-2020,2019,5,TV.2T,ABB,RTKF 123-550 / 2500 B,,RIP,,,,,,,,
235,UPT SALATIGA,GI 150KV AMPEL,TRF#1 150/22kV,UNINDO,MPT,22-Agu-2022,2019,3,R,PASSONIVILLA,PNR.170.7501250,HH032000832,RIP,,,,,,,,
236,UPT SALATIGA,GI 150KV AMPEL,TRF#1 150/22kV,UNINDO,MPT,22-Agu-2022,2019,3,S,PASSONIVILLA,PNR.170.7501250,,RIP,,,,,,,,
237,UPT SALATIGA,GI 150KV AMPEL,TRF#1 150/22kV,UNINDO,MPT,22-Agu-2022,2019,3,T,PASSONIVILLA,PNR.170.7501250,,RIP,,,,,,,,
238,UPT SALATIGA,GI 150KV BANTUL,TRF#3 150/20kV,PASTI,ORF.60/275,14-Des-1995,1994,30,R,PASSONIVILLA,PNO.170.7501250,39875,OIP,,,,,GOOD,,,
239,UPT SALATIGA,GI 150KV BANTUL,TRF#3 150/20kV,PASTI,ORF.60/275,14-Des-1995,1994,30,S,PASSONIVILLA,PNO.170.7501250,,OIP,,,,,GOOD,,,
240,UPT SALATIGA,GI 150KV BANTUL,TRF#3 150/20kV,PASTI,ORF.60/275,14-Des-1995,1994,30,T,PASSONIVILLA,PNO.170.7501250,,OIP,,,,,GOOD,,,
241,UPT SALATIGA,GI 150KV BANTUL,TRF#1 150/20kV,XIAN,SFZ-60000/150,30-Jun-1998,1995,28,R,HAEFELY,COT 650-800 SP,N993/94,OIP,,,,,GOOD,,,
242,UPT SALATIGA,GI 150KV BANTUL,TRF#1 150/20kV,XIAN,SFZ-60000/150,30-Jun-1998,1995,28,S,HAEFELY,COT 650-800 SP,N994/94,OIP,,,,,GOOD,,,
243,UPT SALATIGA,GI 150KV BANTUL,TRF#1 150/20kV,XIAN,SFZ-60000/150,30-Jun-1998,1995,28,T,HAEFELY,COT 650-800 SP,N1042/94,OIP,,,,,GOOD,,,
244,UPT SALATIGA,GI 150KV BANTUL,TRF#2 150/20kV,CG PAUWELS,ORF.60/275,16-Des-2014,2013,11,R,HSP,STARIP 170-1250E=3spez,N3232278,RIP,,,,,,,,
245,UPT SALATIGA,GI 150KV BANTUL,TRF#2 150/20kV,CG PAUWELS,ORF.60/275,16-Des-2014,2013,11,S,HSP,STARIP 170-1250E=3spez,N321427,RIP,,,,,,,,
246,UPT SALATIGA,GI 150KV BANTUL,TRF#2 150/20kV,CG PAUWELS,ORF.60/275,16-Des-2014,2013,11,T,HSP,STARIP 170-1250E=3spez,N3231426,RIP,,,,,,,,
247,UPT SALATIGA,GI 150KV BANYUDONO,TRF#2 150/20kV,PAUWELS TRAFO ASIA,ORF.60/275,15-Sep-2009,2009,16,R,ABB,RTF 170-750/1250 B,1ZXC348538,OIP,NORMAL,NORMAL,NORMAL,,GOOD,NORMAL,,
248,UPT SALATIGA,GI 150KV BANYUDONO,TRF#2 150/20kV,PAUWELS TRAFO ASIA,ORF.60/275,15-Sep-2009,2009,16,S,ABB,RTF 170-750/1250 B,1ZXC348537,OIP,NORMAL,NORMAL,NORMAL,,GOOD,NORMAL,,
249,UPT SALATIGA,GI 150KV BANYUDONO,TRF#2 150/20kV,PAUWELS TRAFO ASIA,ORF.60/275,15-Sep-2009,2009,16,T,ABB,RTF 170-750/1250 B,1ZXC348539,OIP,NORMAL,NORMAL,NORMAL,,GOOD,NORMAL,,
250,UPT SALATIGA,GI 150KV BANYUDONO,TRF#3 150/22kV,CG PAUWELS,ORF.60/275,1-Nov-2017,2015,8,R,ABB,RTF 170-750/1250 B,,RIP,,,,,,,,
251,UPT SALATIGA,GI 150KV BANYUDONO,TRF#3 150/22kV,CG PAUWELS,ORF.60/275,1-Nov-2017,2015,8,S,ABB,RTF 170-750/1250 B,,RIP,,,,,,,,
252,UPT SALATIGA,GI 150KV BANYUDONO,TRF#3 150/22kV,CG PAUWELS,ORF.60/275,1-Nov-2017,2015,8,T,ABB,RTF 170-750/1250 B,,RIP,,,,,,,,
253,UPT SALATIGA,GI 150KV BANYUDONO,TRF#1 150/20kV,CG PAUWELS,ORF.60/275,13-Apr-2017,2016,9,R,HSP,RTF 170-750/1250 B,N5250172,RIP,,,,,,,,
254,UPT SALATIGA,GI 150KV BANYUDONO,TRF#1 150/20kV,CG PAUWELS,ORF.60/275,13-Apr-2017,2016,9,S,HSP,RTF 170-750/1250 B,N5250145,RIP,,,,,,,,
255,UPT SALATIGA,GI 150KV BANYUDONO,TRF#1 150/20kV,CG PAUWELS,ORF.60/275,13-Apr-2017,2016,9,T,HSP,RTF 170-750/1250 B,N5250173,RIP,,,,,,,,
256,UPT SALATIGA,GI 150KV BAWEN,TRF#1 150/20kV,CG PAUWELS,ORF.60/275,8-Apr-2011,2011,15,R,TRENCH,COT 750-800/0012231/1,10D3274,OIP,NORMAL,NORMAL,NORMAL,,GOOD,NORMAL,,
257,UPT SALATIGA,GI 150KV BAWEN,TRF#1 150/20kV,CG PAUWELS,ORF.60/275,8-Apr-2011,2011,15,S,TRENCH,COT 750-800/0012231/1,10D3278,OIP,NORMAL,NORMAL,NORMAL,,GOOD,NORMAL,,
258,UPT SALATIGA,GI 150KV BAWEN,TRF#1 150/20kV,CG PAUWELS,ORF.60/275,8-Apr-2011,2011,15,T,TRENCH,COT 750-800/0012231/1,10D3272,OIP,NORMAL,NORMAL,NORMAL,,GOOD,NORMAL,,
259,UPT SALATIGA,GI 150KV BAWEN,TRF#2 150/22kV,CG PAUWELS,ORF.60/275,2-Agu-2019,2017,6,R,TRENCH,COT 750-800/0012231/1,06A4091,OIP,NORMAL,NORMAL,NORMAL,,GOOD,NORMAL,,
260,UPT SALATIGA,GI 150KV BAWEN,TRF#2 150/22kV,CG PAUWELS,ORF.60/275,2-Agu-2019,2017,6,S,TRENCH,COT 750-800/0012231/1,06A4092,OIP,NORMAL,NORMAL,NORMAL,,GOOD,NORMAL,,
261,UPT SALATIGA,GI 150KV BAWEN,TRF#2 150/22kV,CG PAUWELS,ORF.60/275,2-Agu-2019,2017,6,T,TRENCH,COT 750-800/0012231/1,06A4093,OIP,NORMAL,NORMAL,NORMAL,,GOOD,NORMAL,,
262,UPT SALATIGA,GI 150KV BOYOLALI,TRF#1 150/22kV,CG PAUWELS,POWER TRANSFORMER,25-Apr-2024,2019,2,R,HSP,STARIP 170-1250E=3spez,263394,RIP,,,,,,,,
263,UPT SALATIGA,GI 150KV BOYOLALI,TRF#1 150/22kV,CG PAUWELS,POWER TRANSFORMER,25-Apr-2024,2019,2,S,HSP,STARIP 170-1250E=3spez,,RIP,,,,,,,,
264,UPT SALATIGA,GI 150KV BOYOLALI,TRF#1 150/22kV,CG PAUWELS,POWER TRANSFORMER,25-Apr-2024,2019,2,T,HSP,STARIP 170-1250E=3spez,,RIP,,,,,,,,
265,UPT SALATIGA,GI 150KV BRINGIN,TRF#1 150/20kV,CG PAUWELS,ORF.60/275,7-Apr-2011,2011,15,R,TRENCH,COT 750-800/0021936/3,10 D 3300,OIP,NORMAL,NORMAL,NORMAL,,GOOD,NORMAL,,
266,UPT SALATIGA,GI 150KV BRINGIN,TRF#1 150/20kV,CG PAUWELS,ORF.60/275,7-Apr-2011,2011,15,S,TRENCH,COT 750-800/0021936/3,10 D 3265,OIP,NORMAL,NORMAL,NORMAL,,GOOD,NORMAL,,
267,UPT SALATIGA,GI 150KV BRINGIN,TRF#1 150/20kV,CG PAUWELS,ORF.60/275,7-Apr-2011,2011,15,T,TRENCH,COT 750-800/0021936/3,10 D 3299,OIP,NORMAL,NORMAL,NORMAL,,GOOD,NORMAL,,
268,UPT SALATIGA,GI 150KV BRINGIN,TRF#2 150/20kV,UNINDO,P060LEC,2-Mei-2023,2014,3,R,PASSONIVILLA,PNO.170.750.800,HH03038512,OIP,NORMAL,NORMAL,NORMAL,,GOOD,NORMAL,,
269,UPT SALATIGA,GI 150KV BRINGIN,TRF#2 150/20kV,UNINDO,P060LEC,2-Mei-2023,2014,3,S,PASSONIVILLA,PNO.170.750.800,HH03038510,OIP,NORMAL,NORMAL,NORMAL,,GOOD,NORMAL,,
270,UPT SALATIGA,GI 150KV BRINGIN,TRF#2 150/20kV,UNINDO,P060LEC,2-Mei-2023,2014,3,T,PASSONIVILLA,PNO.170.750.800,HH0303851,OIP,NORMAL,NORMAL,NORMAL,,GOOD,NORMAL,,
271,UPT SALATIGA,GI 150KV GODEAN,TRF#2 150/20kV,CG PAUWELS,ORF.60/275,4-Apr-2017,2016,9,R,HSP,STARIP 170-1250E=3spez,N6250394,RIP,,,,,,,,
272,UPT SALATIGA,GI 150KV GODEAN,TRF#2 150/20kV,CG PAUWELS,ORF.60/275,4-Apr-2017,2016,9,S,HSP,STARIP 170-1250E=3spez,N6250395,RIP,,,,,,,,
273,UPT SALATIGA,GI 150KV GODEAN,TRF#2 150/20kV,CG PAUWELS,ORF.60/275,4-Apr-2017,2016,9,T,HSP,STARIP 170-1250E=3spez,N6250396,RIP,,,,,,,,
274,UPT SALATIGA,GI 150KV GODEAN,TRF#1 150/22kV,CG PAUWELS,ORF.60/275,6-Jun-2018,2017,8,R,HSP,STARIP 170-1250E=3spez,N7263338,RIP,,,,,,,,
275,UPT SALATIGA,GI 150KV GODEAN,TRF#1 150/22kV,CG PAUWELS,ORF.60/275,6-Jun-2018,2017,8,S,HSP,STARIP 170-1250E=3spez,N7263345,RIP,,,,,,,,
276,UPT SALATIGA,GI 150KV GODEAN,TRF#1 150/22kV,CG PAUWELS,ORF.60/275,6-Jun-2018,2017,8,T,HSP,STARIP 170-1250E=3spez,N7262545,RIP,,,,,,,,
277,UPT SALATIGA,GI 150KV GONDANGREJO,TRF#1 150/20kV,UNINDO,N-RANGE,5-Nov-2012,2011,13,R,PASSONIVILLA,PNO.170.750.800,142935,OIP,,,,,GOOD,,,
278,UPT SALATIGA,GI 150KV GONDANGREJO,TRF#1 150/20kV,UNINDO,N-RANGE,5-Nov-2012,2011,13,S,PASSONIVILLA,PNO.170.750.800,142938,OIP,,,,,GOOD,,,
279,UPT SALATIGA,GI 150KV GONDANGREJO,TRF#1 150/20kV,UNINDO,N-RANGE,5-Nov-2012,2011,13,T,PASSONIVILLA,PNO.170.750.800,142961,OIP,,,,,GOOD,,,
280,UPT SALATIGA,GI 150KV GONDANGREJO,TRF#2 150/22kV,CG PAUWELS,ORF.60/275,13-Des-2016,2015,9,R,ABB,RTF 170-750/1250 B,1ZCD11180402,RIP,,,,,,,,
281,UPT SALATIGA,GI 150KV GONDANGREJO,TRF#2 150/22kV,CG PAUWELS,ORF.60/275,13-Des-2016,2015,9,S,ABB,RTF 170-750/1250 B,1ZCD11176330,RIP,,,,,,,,
282,UPT SALATIGA,GI 150KV GONDANGREJO,TRF#2 150/22kV,CG PAUWELS,ORF.60/275,13-Des-2016,2015,9,T,ABB,RTF 170-750/1250 B,1ZCD11180401,RIP,,,,,,,,
283,UPT SALATIGA,GI 150KV JAJAR,TRF#1 150/22kV,B&D TRANSFORMER,PX-070-FOMB,15-Feb-2023,2020,3,R,HSP,STARIP170-1250E=3SPEZ.,276847,RIP,,,,,,,,
284,UPT SALATIGA,GI 150KV JAJAR,TRF#1 150/22kV,B&D TRANSFORMER,PX-070-FOMB,15-Feb-2023,2020,3,S,HSP,STARIP170-1250E=3SPEZ.,276848,RIP,,,,,,,,
285,UPT SALATIGA,GI 150KV JAJAR,TRF#1 150/22kV,B&D TRANSFORMER,PX-070-FOMB,15-Feb-2023,2020,3,T,HSP,STARIP170-1250E=3SPEZ.,276850,RIP,,,,,,,,
286,UPT SALATIGA,GI 150KV JAJAR,TRF#2 150/20kV,CG PAUWELS,ORF.60/325,,2016,126,R,HSP,STARIP 170-1250 E,N5250166,RIP,,,,,,,,
287,UPT SALATIGA,GI 150KV JAJAR,TRF#2 150/20kV,CG PAUWELS,ORF.60/325,,2016,126,S,HSP,STARIP 170-1250 E,N5250166,RIP,,,,,,,,
288,UPT SALATIGA,GI 150KV JAJAR,TRF#2 150/20kV,CG PAUWELS,ORF.60/325,,2016,126,T,HSP,STARIP 170-1250 E,N5250166,RIP,,,,,,,,
289,UPT SALATIGA,GI 150KV JAJAR,TRF#3 150/22kV,CG PAUWELS,ORF.60/275,30-Agu-2018,2017,7,R,HSP,STARIP170-1250E=3SPEZ.,266235,RIP,,,,,,,,
290,UPT SALATIGA,GI 150KV JAJAR,TRF#3 150/22kV,CG PAUWELS,ORF.60/275,30-Agu-2018,2017,7,S,HSP,STARIP170-1250E=3SPEZ.,266233,RIP,,,,,,,,
291,UPT SALATIGA,GI 150KV JAJAR,TRF#3 150/22kV,CG PAUWELS,ORF.60/275,30-Agu-2018,2017,7,T,HSP,STARIP170-1250E=3SPEZ.,N7263335,RIP,,,,,,,,
292,UPT SALATIGA,GI 150KV JELOK,TRF#1 150/30kV (HV),B&D TRANSFORMER,PX-042-A00B,9-Sep-2020,2019,5,R,HSP,STARIP 170-1250E=3spez,276760,RIP,,,,,,,,
293,UPT SALATIGA,GI 150KV JELOK,TRF#1 150/30kV (HV),B&D TRANSFORMER,PX-042-A00B,9-Sep-2020,2019,5,S,HSP,STARIP 170-1250E=3spez,276837,RIP,,,,,,,,
294,UPT SALATIGA,GI 150KV JELOK,TRF#1 150/30kV (HV),B&D TRANSFORMER,PX-042-A00B,9-Sep-2020,2019,5,T,HSP,STARIP 170-1250E=3spez,272170,RIP,,,,,,,,
295,UPT SALATIGA,GI 150KV KALASAN,TRF#1 150/22kV,BAMBANG DJAJA,PX-001-FOHB,21-Jan-2024,2019,2,R,HSP,STARIP 170-1250 E,272174,RIP,,,,,,,,
296,UPT SALATIGA,GI 150KV KALASAN,TRF#1 150/22kV,BAMBANG DJAJA,PX-001-FOHB,21-Jan-2024,2019,2,S,HSP,STARIP 170-1250 E,272173,RIP,,,,,,,,
297,UPT SALATIGA,GI 150KV KALASAN,TRF#1 150/22kV,BAMBANG DJAJA,PX-001-FOHB,21-Jan-2024,2019,2,T,HSP,STARIP 170-1250 E,270402,RIP,,,,,,,,
298,UPT SALATIGA,GI 150KV KALASAN,TRF#2 150/22kV,BAMBANG DJAJA,PX-001-FOHB,21-Jan-2024,2019,2,R,HSP,STARIP 170-1250 E,272162,RIP,,,,,,,,
299,UPT SALATIGA,GI 150KV KALASAN,TRF#2 150/22kV,BAMBANG DJAJA,PX-001-FOHB,21-Jan-2024,2019,2,S,HSP,STARIP 170-1250 E,272167,RIP,,,,,,,,
300,UPT SALATIGA,GI 150KV KALASAN,TRF#2 150/22kV,BAMBANG DJAJA,PX-001-FOHB,21-Jan-2024,2019,2,T,HSP,STARIP 170-1250 E,272168,RIP,,,,,,,,
301,UPT SALATIGA,GI 150KV KENTUNGAN,TRF#2 150/20kV,XIAN,SFZ-60000/150,25-Jun-1999,1995,27,R,HAEFELY,COT 650-800 SP,RN1012T,OIP,,,,,GOOD,,,
302,UPT SALATIGA,GI 150KV KENTUNGAN,TRF#2 150/20kV,XIAN,SFZ-60000/150,25-Jun-1999,1995,27,S,HAEFELY,COT 650-800 SP,,OIP,,,,,GOOD,,,
303,UPT SALATIGA,GI 150KV KENTUNGAN,TRF#2 150/20kV,XIAN,SFZ-60000/150,25-Jun-1999,1995,27,T,HAEFELY,COT 650-800 SP,,OIP,,,,,GOOD,,,
304,UPT SALATIGA,GI 150KV KLATEN,TRF#1 150/20kV,UNINDO,MPT,8-Mar-2016,2014,10,R,PASSONIVILLA,PNO 170 750 800,HH03040528,OIP,,,,,GOOD,,,
305,UPT SALATIGA,GI 150KV KLATEN,TRF#1 150/20kV,UNINDO,MPT,8-Mar-2016,2014,10,S,PASSONIVILLA,PNO 170 750 800,HH03040529,OIP,,,,,GOOD,,,
306,UPT SALATIGA,GI 150KV KLATEN,TRF#1 150/20kV,UNINDO,MPT,8-Mar-2016,2014,10,T,PASSONIVILLA,PNO 170 750 800,HH03040530,OIP,,,,,GOOD,,,
307,UPT SALATIGA,GI 150KV KLATEN,TRF#2 150/22kV,CG PAUWELS,ORF.60/275,20-Mei-2018,2017,8,R,ABB,RTF 170-750/1250B ,1ZCD11542717,RIP,,,,,,,,
308,UPT SALATIGA,GI 150KV KLATEN,TRF#2 150/22kV,CG PAUWELS,ORF.60/275,20-Mei-2018,2017,8,S,ABB,RTF 170-750/1250B ,1ZCD11475346,RIP,,,,,,,,
309,UPT SALATIGA,GI 150KV KLATEN,TRF#2 150/22kV,CG PAUWELS,ORF.60/275,20-Mei-2018,2017,8,T,ABB,RTF 170-750/1250B ,1ZCD11542716,RIP,,,,,,,,
310,UPT SALATIGA,GI 150KV KLATEN,TRF#3 150/22kV,ABB,1ZKZ469152Z2626,13-Jul-2019,2018,7,R,ABB,RTF 170-750/1250B ,1ZCD11790629,RIP,,,,,,,,
311,UPT SALATIGA,GI 150KV KLATEN,TRF#3 150/22kV,ABB,1ZKZ469152Z2626,13-Jul-2019,2018,7,S,ABB,RTF 170-750/1250B ,1ZCD11790630,RIP,,,,,,,,
312,UPT SALATIGA,GI 150KV KLATEN,TRF#3 150/22kV,ABB,1ZKZ469152Z2626,13-Jul-2019,2018,7,T,ABB,RTF 170-750/1250B ,1ZCD11790631,RIP,,,,,,,,
313,UPT SALATIGA,GI 150KV MASARAN,TRF#1 150/20kV,ELIN,SFZ-60000/150,15-Nov-2007,2007,18,R,HAEFELY,COT 750-800,60061,OIP,,,,,GOOD,,,
314,UPT SALATIGA,GI 150KV MASARAN,TRF#1 150/20kV,ELIN,SFZ-60000/150,15-Nov-2007,2007,18,S,HAEFELY,COT 750-800,60059,OIP,,,,,GOOD,,,
315,UPT SALATIGA,GI 150KV MASARAN,TRF#1 150/20kV,ELIN,SFZ-60000/150,15-Nov-2007,2007,18,T,HAEFELY,COT 750-800,60060,OIP,,,,,GOOD,,,
316,UPT SALATIGA,GI 150KV KENTUNGAN,TRF#3 150/20kV,UNINDO,MPT,14-Sep-2016,2015,9,R,PASSONIVILLA,PNO 170 750 800,HH03040527,OIP,,,,,GOOD,,,
317,UPT SALATIGA,GI 150KV KENTUNGAN,TRF#3 150/20kV,UNINDO,MPT,14-Sep-2016,2015,9,S,PASSONIVILLA,PNO 170 750 800,HH03040533,OIP,,,,,GOOD,,,
318,UPT SALATIGA,GI 150KV KENTUNGAN,TRF#3 150/20kV,UNINDO,MPT,14-Sep-2016,2015,9,T,PASSONIVILLA,PNO 170 750 800,HH03040535,OIP,,,,,GOOD,,,
319,UPT SALATIGA,GI 150KV KENTUNGAN,TRF#4 150/20kV,UNINDO,MPT,6-Mei-2013,2013,13,R,HSP,STARIP 170-1250 E,229163,RIP,,,,,,,,
320,UPT SALATIGA,GI 150KV KENTUNGAN,TRF#4 150/20kV,UNINDO,MPT,6-Mei-2013,2013,13,S,HSP,STARIP 170-1250 E,229168,RIP,,,,,,,,
321,UPT SALATIGA,GI 150KV KENTUNGAN,TRF#4 150/20kV,UNINDO,MPT,6-Mei-2013,2013,13,T,HSP,STARIP 170-1250 E,229164,RIP,,,,,,,,
322,UPT SALATIGA,GI 150KV MASARAN,TRF#2 150/20kV,CG PAUWELS,ORF.60/275,18/09/2014,2013,11,R,HSP,STARIP 170-1250 E,,RIP,,,,,,,,
323,UPT SALATIGA,GI 150KV MASARAN,TRF#2 150/20kV,CG PAUWELS,ORF.60/275,18/09/2014,2013,11,S,HSP,STARIP 170-1250 E,,RIP,,,,,,,,
324,UPT SALATIGA,GI 150KV MASARAN,TRF#2 150/20kV,CG PAUWELS,ORF.60/275,18/09/2014,2013,11,T,HSP,STARIP 170-1250 E,,RIP,,,,,,,,
325,UPT SALATIGA,GI 150KV MASARAN,TRF#3 150/22kV,CG PAUWELS,ORF.60/275,21-Sep-2018,2017,7,R,HSP,STARIP 170-1250 E,N7263352,RIP,,,,,,,,
326,UPT SALATIGA,GI 150KV MASARAN,TRF#3 150/22kV,CG PAUWELS,ORF.60/275,21-Sep-2018,2017,7,S,HSP,STARIP 170-1250 E,N7266234,RIP,,,,,,,,
327,UPT SALATIGA,GI 150KV MASARAN,TRF#3 150/22kV,CG PAUWELS,ORF.60/275,21-Sep-2018,2017,7,T,HSP,STARIP 170-1250 E,N7263352,RIP,,,,,,,,
328,UPT SALATIGA,GI 150KV MEDARI,TRF#1 150/20kV,XIAN,SFZ-30000/150,19-Des-1996,1995,29,R,HAEFELY,COT 650-800 SO,N1019/94,OIP,,,,,GOOD,,,
329,UPT SALATIGA,GI 150KV MEDARI,TRF#1 150/20kV,XIAN,SFZ-30000/150,19-Des-1996,1995,29,S,HAEFELY,COT 650-800 SO,N1019/94,OIP,,,,,GOOD,,,
330,UPT SALATIGA,GI 150KV MEDARI,TRF#1 150/20kV,XIAN,SFZ-30000/150,19-Des-1996,1995,29,T,HAEFELY,COT 650-800 SO,N1019/94,OIP,,,,,GOOD,,,
331,UPT SALATIGA,GI 150KV MEDARI,TRF#2 150/22kV,B&D TRANSFORMER,PX-001-FOHB,5-Mar-2018,2017,8,R,HSP,STARIP 170-1600E3 spez,N7260672,RIP,,,,,,,,
332,UPT SALATIGA,GI 150KV MEDARI,TRF#2 150/22kV,B&D TRANSFORMER,PX-001-FOHB,5-Mar-2018,2017,8,S,HSP,STARIP 170-1600E3 spez,N7260671,RIP,,,,,,,,
333,UPT SALATIGA,GI 150KV MEDARI,TRF#2 150/22kV,B&D TRANSFORMER,PX-001-FOHB,5-Mar-2018,2017,8,T,HSP,STARIP 170-1600E3 spez,N7260673,RIP,,,,,,,,
334,UPT SALATIGA,GI 150KV MEDARI,TRF#3 150/22kV,UNINDO,MPT,23-Apr-2018,2017,8,R,,,,RIP,,,,,,,,
335,UPT SALATIGA,GI 150KV MEDARI,TRF#3 150/22kV,UNINDO,MPT,23-Apr-2018,2017,8,S,,,,RIP,,,,,,,,
336,UPT SALATIGA,GI 150KV MEDARI,TRF#3 150/22kV,UNINDO,MPT,23-Apr-2018,2017,8,T,,,,RIP,,,,,,,,
337,UPT SALATIGA,GI 150KV MOJOSONGO,TRF#1 150/20kV,UNINDO,P060LEC,20-Mar-2012,2011,14,R,PASSONIVILLA,PNO 170 750 800,140788,OIP,NORMAL,NORMAL,NORMAL,,GOOD,NORMAL,,
338,UPT SALATIGA,GI 150KV MOJOSONGO,TRF#1 150/20kV,UNINDO,P060LEC,20-Mar-2012,2011,14,S,PASSONIVILLA,PNO 170 750 800,140790,OIP,NORMAL,NORMAL,NORMAL,,GOOD,NORMAL,,
339,UPT SALATIGA,GI 150KV MOJOSONGO,TRF#1 150/20kV,UNINDO,P060LEC,20-Mar-2012,2011,14,T,PASSONIVILLA,PNO 170 750 800,140791,OIP,NORMAL,NORMAL,NORMAL,,GOOD,NORMAL,,
340,UPT SALATIGA,GI 150KV MOJOSONGO,TRF#2 150/20kV,CG PAUWELS,ORF.60/275,16-Mei-2017,2016,9,R,HSP,STARIP 170-1250 E,N6250329,RIP,,,,,,,,
341,UPT SALATIGA,GI 150KV MOJOSONGO,TRF#2 150/20kV,CG PAUWELS,ORF.60/275,16-Mei-2017,2016,9,S,HSP,STARIP 170-1250 E,N6250330,RIP,,,,,,,,
342,UPT SALATIGA,GI 150KV MOJOSONGO,TRF#2 150/20kV,CG PAUWELS,ORF.60/275,16-Mei-2017,2016,9,T,HSP,STARIP 170-1250 E,N250328,RIP,,,,,,,,
343,UPT SALATIGA,GI 150KV NGUNTORONADI,TRF#1 150/20kV,SHANDONG TAIKAI,SFZ11-60000/150,24-Okt-2012,2012,13,R,PASSONIVILLA,PNO 170.750.800,110894,OIP,,,,,GOOD,,,
344,UPT SALATIGA,GI 150KV NGUNTORONADI,TRF#1 150/20kV,SHANDONG TAIKAI,SFZ11-60000/150,24-Okt-2012,2012,13,S,PASSONIVILLA,PNO 170.750.800,201409,OIP,,,,,GOOD,,,
345,UPT SALATIGA,GI 150KV NGUNTORONADI,TRF#1 150/20kV,SHANDONG TAIKAI,SFZ11-60000/150,24-Okt-2012,2012,13,T,PASSONIVILLA,PNO 170.750.800,110894,OIP,,,,,GOOD,,,
346,UPT SALATIGA,GI 150KV PALUR,TRF#2 150/20kV,XIAN,SFZ-60000/150,22-Okt-1997,1995,28,R,HAEFELY,COT 650-800 Sp,N1034/94,OIP,,,,,GOOD,,,Valid Nameplate dan Foto
347,UPT SALATIGA,GI 150KV PALUR,TRF#2 150/20kV,XIAN,SFZ-60000/150,22-Okt-1997,1995,28,S,HAEFELY,COT 650-800 Sp,N0695/94,OIP,,,,,GOOD,,,Valid Nameplate dan Foto
348,UPT SALATIGA,GI 150KV PALUR,TRF#2 150/20kV,XIAN,SFZ-60000/150,22-Okt-1997,1995,28,T,HAEFELY,COT 650-800 Sp,N1023/94,OIP,,,,,GOOD,,,Valid Nameplate dan Foto
349,UPT SALATIGA,GI 150KV PALUR,TRF#4 150/22kV,UNINDO,MPT,12-Jan-2021,2019,5,R,PASSONIVILLA,PNR.170.750.1250,HH03200828,RIP,,,,,,,,Valid Nameplate dan Foto
350,UPT SALATIGA,GI 150KV PALUR,TRF#4 150/22kV,UNINDO,MPT,12-Jan-2021,2019,5,S,PASSONIVILLA,PNR.170.750.1250,HH03200829,RIP,,,,,,,,Valid Nameplate dan Foto
351,UPT SALATIGA,GI 150KV PALUR,TRF#4 150/22kV,UNINDO,MPT,12-Jan-2021,2019,5,T,PASSONIVILLA,PNR.170.750.1250,HH03200845,RIP,,,,,,,,Valid Nameplate dan Foto
352,UPT SALATIGA,GI 150KV PEDAN,TRF#2 150/20kV,UNINDO,N-RANGE,12-Mei-2009,2006,17,R,HSP,STARIP 170-1250 E,N5250166,RIP,,,,,,,,
353,UPT SALATIGA,GI 150KV PEDAN,TRF#2 150/20kV,UNINDO,N-RANGE,12-Mei-2009,2006,17,S,HSP,STARIP 170-1250 E,N5 250117,RIP,,,,,,,,
354,UPT SALATIGA,GI 150KV PEDAN,TRF#2 150/20kV,UNINDO,N-RANGE,12-Mei-2009,2006,17,T,HSP,STARIP 170-1250 E,N5250165,RIP,,,,,,,,
355,UPT SALATIGA,GI 150KV PEDAN,TRF#1 150/22kV,CG PAUWELS,ORF.60/275,29-Okt-2016,2016,9,R,HSP,STARIP 170-1250,,RIP,,,,,,,,
356,UPT SALATIGA,GI 150KV PEDAN,TRF#1 150/22kV,CG PAUWELS,ORF.60/275,29-Okt-2016,2016,9,S,HSP,STARIP 170-1250,,RIP,,,,,,,,
357,UPT SALATIGA,GI 150KV PEDAN,TRF#1 150/22kV,CG PAUWELS,ORF.60/275,29-Okt-2016,2016,9,T,HSP,STARIP 170-1250,,RIP,,,,,,,,
358,UPT SALATIGA,GI 150KV PURWOREJO,TRF#2 150/20kV,UNINDO,N-RANGE,20-Mei-2012,2011,14,R,PASSONIVILLA,PNO 170 750 800,140795,OIP,,,,,GOOD,,,
359,UPT SALATIGA,GI 150KV PURWOREJO,TRF#2 150/20kV,UNINDO,N-RANGE,20-Mei-2012,2011,14,S,PASSONIVILLA,PNO 170 750 800,140795,OIP,,,,,GOOD,,,
360,UPT SALATIGA,GI 150KV PURWOREJO,TRF#2 150/20kV,UNINDO,N-RANGE,20-Mei-2012,2011,14,T,PASSONIVILLA,PNO 170 750 800,140795,OIP,,,,,GOOD,,,
361,UPT SALATIGA,GI 150KV PURWOREJO,TRF#1 150/20kV,PAUWELS TRAFO ASIA,ORF.30/275,17-Des-2024,2003,1,R,TRENCH,COT 750-800/0007895/1,C 3415,OIP,,,,,GOOD,,,
362,UPT SALATIGA,GI 150KV PURWOREJO,TRF#1 150/20kV,PAUWELS TRAFO ASIA,ORF.30/275,17-Des-2024,2003,1,S,TRENCH,COT 750-800/0007895/1,C 3416,OIP,,,,,GOOD,,,
363,UPT SALATIGA,GI 150KV PURWOREJO,TRF#1 150/20kV,PAUWELS TRAFO ASIA,ORF.30/275,17-Des-2024,2003,1,T,TRENCH,COT 750-800/0007895/1,C 3417,OIP,,,,,GOOD,,,
364,UPT SALATIGA,GI 150KV PALUR,TRF#1 150/20kV,CG PAUWELS,ORF.60/275,11-Apr-2011,2011,15,R,TRENCH,COT,,OIP,,,,,GOOD,,,
365,UPT SALATIGA,GI 150KV PALUR,TRF#1 150/20kV,CG PAUWELS,ORF.60/275,11-Apr-2011,2011,15,S,TRENCH,COT,,OIP,,,,,GOOD,,,
366,UPT SALATIGA,GI 150KV PALUR,TRF#1 150/20kV,CG PAUWELS,ORF.60/275,11-Apr-2011,2011,15,T,TRENCH,COT,,OIP,,,,,GOOD,,,
367,UPT SALATIGA,GI 150KV PALUR,TRF#3 150/20kV,CG PAUWELS,ORF.60/275,1-Okt-2012,2011,13,R,TRENCH,COT,,OIP,,,,,GOOD,,,
368,UPT SALATIGA,GI 150KV PALUR,TRF#3 150/20kV,CG PAUWELS,ORF.60/275,1-Okt-2012,2011,13,S,TRENCH,COT,,OIP,,,,,GOOD,,,
369,UPT SALATIGA,GI 150KV PALUR,TRF#3 150/20kV,CG PAUWELS,ORF.60/275,1-Okt-2012,2011,13,T,TRENCH,COT,,OIP,,,,,GOOD,,,
370,UPT SALATIGA,GI 150KV PURWOREJO,TRF#3 150/20kV,CG PAUWELS,ORF.60/275,13-Apr-2017,2015,9,R,ABB,RTF 170-750/1250 B,No. 1ZCD11104783,RIP,,,,,,,,
371,UPT SALATIGA,GI 150KV PURWOREJO,TRF#3 150/20kV,CG PAUWELS,ORF.60/275,13-Apr-2017,2015,9,S,ABB,RTF 170-750/1250 B,No. 1ZCD11104782,RIP,,,,,,,,
372,UPT SALATIGA,GI 150KV PURWOREJO,TRF#3 150/20kV,CG PAUWELS,ORF.60/275,13-Apr-2017,2015,9,T,ABB,RTF 170-750/1250 B,No. 1ZCD11104784,RIP,,,,,,,,
373,UPT SALATIGA,GI 150KV RAYON UTAMA MAKMUR,TRF#1 150/22kV,SCHNEIDER,OIL FILLED WITH CONSERVATOR,11-Jul-2017,2015,9,R,HSP,STARIP 170-1250 E,M5249328,RIP,,,,,,,,
374,UPT SALATIGA,GI 150KV RAYON UTAMA MAKMUR,TRF#1 150/22kV,SCHNEIDER,OIL FILLED WITH CONSERVATOR,11-Jul-2017,2015,9,S,HSP,STARIP 170-1250 E,M5249328,RIP,,,,,,,,
375,UPT SALATIGA,GI 150KV RAYON UTAMA MAKMUR,TRF#1 150/22kV,SCHNEIDER,OIL FILLED WITH CONSERVATOR,11-Jul-2017,2015,9,T,HSP,STARIP 170-1250 E,M5249328,RIP,,,,,,,,
376,UPT SALATIGA,GI 150KV SANGGRAHAN,TRF#4 150/20kV,UNINDO,N-RANGE,13-Okt-2009,2007,16,R,PASSONIVILLA,PNO 170 750 800,82099,OIP,,,,,GOOD,,,
377,UPT SALATIGA,GI 150KV SANGGRAHAN,TRF#4 150/20kV,UNINDO,N-RANGE,13-Okt-2009,2007,16,S,PASSONIVILLA,PNO 170 750 800,82099,OIP,,,,,GOOD,,,
378,UPT SALATIGA,GI 150KV SANGGRAHAN,TRF#4 150/20kV,UNINDO,N-RANGE,13-Okt-2009,2007,16,T,PASSONIVILLA,PNO 170 750 800,82099,OIP,,,,,GOOD,,,
379,UPT SALATIGA,GI 150KV SANGGRAHAN,TRF#1 150/20kV,UNINDO,MPT,5-Mar-2016,2015,10,R,HSP,STARIP 170-1250 E,,RIP,,,,,,,,
380,UPT SALATIGA,GI 150KV SANGGRAHAN,TRF#1 150/20kV,UNINDO,MPT,5-Mar-2016,2015,10,S,HSP,STARIP 170-1250 E,,RIP,,,,,,,,
381,UPT SALATIGA,GI 150KV SANGGRAHAN,TRF#1 150/20kV,UNINDO,MPT,5-Mar-2016,2015,10,T,HSP,STARIP 170-1250 E,,RIP,,,,,,,,
382,UPT SALATIGA,GI 150KV SANGGRAHAN,TRF#3 150/20kV,CG PAUWELS,ORF.60/325,1-Jan-2017,2016,9,R,HSP,STARIP 170-1250 E,N5253461,RIP,,,,,,,,
383,UPT SALATIGA,GI 150KV SANGGRAHAN,TRF#3 150/20kV,CG PAUWELS,ORF.60/325,1-Jan-2017,2016,9,S,HSP,STARIP 170-1250 E,N5253460,RIP,,,,,,,,
384,UPT SALATIGA,GI 150KV SANGGRAHAN,TRF#3 150/20kV,CG PAUWELS,ORF.60/325,1-Jan-2017,2016,9,T,HSP,STARIP 170-1250 E,N5250152,RIP,,,,,,,,
385,UPT SALATIGA,GI 150KV SECANG,TRF#1 150/20kV,UNINDO,MPT,23-Nov-2015,2014,10,R,PASSONIVILLA,PNO 170 750 800,HH03036908,OIP,NORMAL,NORMAL,NORMAL,,GOOD,NORMAL,,
386,UPT SALATIGA,GI 150KV SECANG,TRF#1 150/20kV,UNINDO,MPT,23-Nov-2015,2014,10,S,PASSONIVILLA,PNO 170 750 800,HH03036909,OIP,NORMAL,NORMAL,NORMAL,,GOOD,NORMAL,,
387,UPT SALATIGA,GI 150KV SECANG,TRF#1 150/20kV,UNINDO,MPT,23-Nov-2015,2014,10,T,PASSONIVILLA,PNO 170 750 800,HH03036910,OIP,NORMAL,NORMAL,NORMAL,,GOOD,NORMAL,,
388,UPT SALATIGA,GI 150KV SECANG,TRF#2 150/22kV,CG PAUWELS,ORF.60/275,7-Mar-2018,2017,8,R,HSP,STARIP 170-1250 E,N7262520,RIP,,,,,,,,
389,UPT SALATIGA,GI 150KV SECANG,TRF#2 150/22kV,CG PAUWELS,ORF.60/275,7-Mar-2018,2017,8,S,HSP,STARIP 170-1250 E,N7262531,RIP,,,,,,,,
390,UPT SALATIGA,GI 150KV SECANG,TRF#2 150/22kV,CG PAUWELS,ORF.60/275,7-Mar-2018,2017,8,T,HSP,STARIP 170-1250 E,N7262533,RIP,,,,,,,,
391,UPT SALATIGA,GI 150KV SEMANU,TRF#1 150/20kV,UNINDO,MPT,16-Mar-2016,2014,10,R,PASSONIVILLA,PNO.170.750.800,HH03039710,OIP,,,,,GOOD,,,
392,UPT SALATIGA,GI 150KV SEMANU,TRF#1 150/20kV,UNINDO,MPT,16-Mar-2016,2014,10,S,PASSONIVILLA,PNO.170.750.800,HH03039714,OIP,,,,,GOOD,,,
393,UPT SALATIGA,GI 150KV SEMANU,TRF#1 150/20kV,UNINDO,MPT,16-Mar-2016,2014,10,T,PASSONIVILLA,PNO.170.750.800,HH03039720,OIP,,,,,GOOD,,,
394,UPT SALATIGA,GI 150KV SEMANU,TRF#2 150/22kV,ELSEWEDY ELECTRIC,ORF.60/275,4-Mar-2023,2023,3,R,HSP,STARIP 170-1250 E,300637,RIP,NORMAL,NORMAL,NORMAL,0.65,GOOD,NORMAL,,
395,UPT SALATIGA,GI 150KV SEMANU,TRF#2 150/22kV,ELSEWEDY ELECTRIC,ORF.60/275,4-Mar-2023,2023,3,S,HSP,STARIP 170-1250 E,300634,RIP,NORMAL,NORMAL,NORMAL,0.65,GOOD,NORMAL,,
396,UPT SALATIGA,GI 150KV SEMANU,TRF#2 150/22kV,ELSEWEDY ELECTRIC,ORF.60/275,4-Mar-2023,2023,3,T,HSP,STARIP 170-1250 E,300638,RIP,NORMAL,NORMAL,NORMAL,0.65,GOOD,NORMAL,,
397,UPT SALATIGA,GI 150KV SOLOBARU,TRF#1 150/20kV,UNINDO,MPT,18/12/2015,2014,10,R,HSP,STARIP 170-1250 E,N3236792,RIP,NORMAL,NORMAL,NORMAL,0.65,GOOD,NORMAL,,
398,UPT SALATIGA,GI 150KV SOLOBARU,TRF#1 150/20kV,UNINDO,MPT,18/12/2015,2014,10,S,HSP,STARIP 170-1250 E,N3236788,RIP,NORMAL,NORMAL,NORMAL,0.65,GOOD,NORMAL,,
399,UPT SALATIGA,GI 150KV SOLOBARU,TRF#1 150/20kV,UNINDO,MPT,18/12/2015,2014,10,T,HSP,STARIP 170-1250 E,N3236791,RIP,NORMAL,NORMAL,NORMAL,0.65,GOOD,NORMAL,,
400,UPT SALATIGA,GI 150KV SOLOBARU,TRF#2 150/20kV,CG PAUWELS,ORF.60/275,29-Agu-2014,2013,11,R,,,,RIP,,,,,,,,Hasil Konfirm Foto Fisik
401,UPT SALATIGA,GI 150KV SOLOBARU,TRF#2 150/20kV,CG PAUWELS,ORF.60/275,29-Agu-2014,2013,11,S,,,,RIP,,,,,,,,Hasil Konfirm Foto Fisik
402,UPT SALATIGA,GI 150KV SOLOBARU,TRF#2 150/20kV,CG PAUWELS,ORF.60/275,29-Agu-2014,2013,11,T,,,,RIP,,,,,,,,Hasil Konfirm Foto Fisik
403,UPT SALATIGA,GI 150KV SOLOBARU,TRF#3 150/20kV,UNINDO,MPT,3-Mar-2018,2015,8,R,PASSONIVILLA,PNO.170.750.800,HH03050388,OIP,,,,,GOOD,,,
404,UPT SALATIGA,GI 150KV SOLOBARU,TRF#3 150/20kV,UNINDO,MPT,3-Mar-2018,2015,8,S,PASSONIVILLA,PNO.170.750.800,HH03050389,OIP,,,,,GOOD,,,
405,UPT SALATIGA,GI 150KV SOLOBARU,TRF#3 150/20kV,UNINDO,MPT,3-Mar-2018,2015,8,T,PASSONIVILLA,PNO.170.750.800,,OIP,,,,,GOOD,,,
406,UPT SALATIGA,GI 150KV SRAGEN,TRF#2 150/20kV,UNINDO,MPT,1-Mei-2016,2014,10,R,PASSONIVILLA,PNO.170.750.800,HH03038502,OIP,,,,,GOOD,,,
407,UPT SALATIGA,GI 150KV SRAGEN,TRF#2 150/20kV,UNINDO,MPT,1-Mei-2016,2014,10,S,PASSONIVILLA,PNO.170.750.800,HH03038504,OIP,,,,,GOOD,,,
408,UPT SALATIGA,GI 150KV SRAGEN,TRF#2 150/20kV,UNINDO,MPT,1-Mei-2016,2014,10,T,PASSONIVILLA,PNO.170.750.800,HH03038506,OIP,,,,,GOOD,,,
409,UPT SALATIGA,GI 150KV SRAGEN,TRF#1 150/20kV,CG PAUWELS,ORF.60/275,9-Nov-2011,2011,14,R,TRENCH,COT 750-800/0021936/5,10 D 3344,OIP,,,,,GOOD,,,
410,UPT SALATIGA,GI 150KV SRAGEN,TRF#1 150/20kV,CG PAUWELS,ORF.60/275,9-Nov-2011,2011,14,S,TRENCH,COT 750-800/0021936/5,10 D 3345,OIP,,,,,GOOD,,,
411,UPT SALATIGA,GI 150KV SRAGEN,TRF#1 150/20kV,CG PAUWELS,ORF.60/275,9-Nov-2011,2011,14,T,TRENCH,COT 750-800/0021936/5,10 D 3346,OIP,,,,,GOOD,,,
412,UPT SALATIGA,GI 150KV SRAGEN,TRF#3 150/20kV,UNINDO,MPT,13-Mei-2016,2014,10,R,PASSONIVILLA,PNO.170.750.800,HH03039715,OIP,,,,,GOOD,,,
413,UPT SALATIGA,GI 150KV SRAGEN,TRF#3 150/20kV,UNINDO,MPT,13-Mei-2016,2014,10,S,PASSONIVILLA,PNO.170.750.800,HH03039716,OIP,,,,,GOOD,,,
414,UPT SALATIGA,GI 150KV SRAGEN,TRF#3 150/20kV,UNINDO,MPT,13-Mei-2016,2014,10,T,PASSONIVILLA,PNO.170.750.800,HH03039717,OIP,,,,,GOOD,,,
415,UPT SALATIGA,GI 150KV WATES,TRF#1 150/20kV,,,,,,R,HAEFELY TRENCH,COT 750-800/035088,99A3524,OIP,NORMAL,NORMAL,NORMAL,,GOOD,NORMAL,,Valid Nameplate dan Foto
416,UPT SALATIGA,GI 150KV WATES,TRF#1 150/20kV,,,,,,S,HAEFELY TRENCH,COT 750-800/035088,99A3523,OIP,NORMAL,NORMAL,NORMAL,,GOOD,NORMAL,,Valid Nameplate dan Foto
417,UPT SALATIGA,GI 150KV WATES,TRF#1 150/20kV,,,,,,T,HAEFELY TRENCH,COT 750-800/035088,99A3522,OIP,NORMAL,NORMAL,NORMAL,,GOOD,NORMAL,,Valid Nameplate dan Foto
418,UPT SALATIGA,GI 150KV WATES,TRF#2 150/20kV,CG PAUWELS,ORF.60/275,31/05/2015,2015,11,R,HSP,STARIP 170-1250 E,N4238880,RIP,NORMAL,NORMAL,NORMAL,,GOOD,NORMAL,,
419,UPT SALATIGA,GI 150KV WATES,TRF#2 150/20kV,CG PAUWELS,ORF.60/275,31/05/2015,2015,11,S,HSP,STARIP 170-1250 E,237423,RIP,NORMAL,NORMAL,NORMAL,,GOOD,NORMAL,,
420,UPT SALATIGA,GI 150KV WATES,TRF#2 150/20kV,CG PAUWELS,ORF.60/275,31/05/2015,2015,11,T,HSP,STARIP 170-1250 E,N4238881,RIP,NORMAL,NORMAL,NORMAL,,GOOD,NORMAL,,
421,UPT SALATIGA,GI 150KV WATES,TRF#3 150/22kV,CG PAUWELS,ORF.60/275,29-Des-2019,2019,6,R,HSP,STARIP 170-1250 E,270078,RIP,NORMAL,NORMAL,NORMAL,,GOOD,NORMAL,,
422,UPT SALATIGA,GI 150KV WATES,TRF#3 150/22kV,CG PAUWELS,ORF.60/275,29-Des-2019,2019,6,S,HSP,STARIP 170-1250 E,270077,RIP,NORMAL,NORMAL,NORMAL,,GOOD,NORMAL,,
423,UPT SALATIGA,GI 150KV WATES,TRF#3 150/22kV,CG PAUWELS,ORF.60/275,29-Des-2019,2019,6,T,HSP,STARIP 170-1250 E,270079,RIP,NORMAL,NORMAL,NORMAL,,GOOD,NORMAL,,
424,UPT SALATIGA,GI 150KV WONOGIRI,TRF#2 150/20kV,GEC ALSTHOM,PTD.1662,27-Mei-2010,1996,16,R,,,,OIP,,,,,GOOD,,,
425,UPT SALATIGA,GI 150KV WONOGIRI,TRF#2 150/20kV,GEC ALSTHOM,PTD.1662,27-Mei-2010,1996,16,S,,,,OIP,,,,,GOOD,,,
426,UPT SALATIGA,GI 150KV WONOGIRI,TRF#2 150/20kV,GEC ALSTHOM,PTD.1662,27-Mei-2010,1996,16,T,,,,OIP,,,,,GOOD,,,
427,UPT SALATIGA,GI 150KV WONOGIRI,TRF#1 150/22kV,CG PAUWELS,ORF.60/275,17-Jun-2016,2016,10,R,HSP,STARIP 170-1250 E,N5250064,RIP,,,,,,,,
428,UPT SALATIGA,GI 150KV WONOGIRI,TRF#1 150/22kV,CG PAUWELS,ORF.60/275,17-Jun-2016,2016,10,S,HSP,STARIP 170-1250 E,N5250072,RIP,,,,,,,,
429,UPT SALATIGA,GI 150KV WONOGIRI,TRF#1 150/22kV,CG PAUWELS,ORF.60/275,17-Jun-2016,2016,10,T,HSP,STARIP 170-1250 E,N5250074,RIP,,,,,,,,
430,UPT SALATIGA,GI 150KV WONOSARI,TRF#1 150/20kV,PAUWELS TRAFO ASIA,ORF.60/275,31-Agu-2009,2009,16,R,TRENCH,COT 750-800/0017318/1,08 C 4158,OIP,,,,,GOOD,,,
431,UPT SALATIGA,GI 150KV WONOSARI,TRF#1 150/20kV,PAUWELS TRAFO ASIA,ORF.60/275,31-Agu-2009,2009,16,S,TRENCH,COT 750-800/0017318/1,08 C 4159,OIP,,,,,GOOD,,,
432,UPT SALATIGA,GI 150KV WONOSARI,TRF#1 150/20kV,PAUWELS TRAFO ASIA,ORF.60/275,31-Agu-2009,2009,16,T,TRENCH,COT 750-800/0017318/1,08 C 4160,OIP,,,,,GOOD,,,
433,UPT SALATIGA,GI 150KV WONOSARI,TRF#3 150/20kV,UNINDO,N-RANGE,8-Jan-2012,2011,14,R,,,,OIP,,,,,GOOD,,,
434,UPT SALATIGA,GI 150KV WONOSARI,TRF#3 150/20kV,UNINDO,N-RANGE,8-Jan-2012,2011,14,S,,,,OIP,,,,,GOOD,,,
435,UPT SALATIGA,GI 150KV WONOSARI,TRF#3 150/20kV,UNINDO,N-RANGE,8-Jan-2012,2011,14,T,,,,OIP,,,,,GOOD,,,
436,UPT SALATIGA,GI 150KV WONOSARI,TRF#2 150/22kV,B&D TRANSFORMER,PX-001-FOHB,19-Jul-2018,2017,8,R,HSP,STARIP 170-1250 E,N726216,RIP,,,,,,,,
437,UPT SALATIGA,GI 150KV WONOSARI,TRF#2 150/22kV,B&D TRANSFORMER,PX-001-FOHB,19-Jul-2018,2017,8,S,HSP,STARIP 170-1250 E,N726215,RIP,,,,,,,,
438,UPT SALATIGA,GI 150KV WONOSARI,TRF#2 150/22kV,B&D TRANSFORMER,PX-001-FOHB,19-Jul-2018,2017,8,T,HSP,STARIP 170-1250 E,N726083,RIP,,,,,,,,
439,UPT SALATIGA,GIS 150KV GEJAYAN,TRF#1 150/20kV,XIAN,SFZ-60000/150,23-Mei-1996,1995,30,R,TUBULAR,TUBULAR,TUBULAR,TUBULAR,,,,,,,,
440,UPT SALATIGA,GIS 150KV GEJAYAN,TRF#1 150/20kV,XIAN,SFZ-60000/150,23-Mei-1996,1995,30,S,TUBULAR,TUBULAR,TUBULAR,TUBULAR,,,,,,,,
441,UPT SALATIGA,GIS 150KV GEJAYAN,TRF#1 150/20kV,XIAN,SFZ-60000/150,23-Mei-1996,1995,30,T,TUBULAR,TUBULAR,TUBULAR,TUBULAR,,,,,,,,
442,UPT SALATIGA,GIS 150KV GEJAYAN,TRF#2 150/20kV,XIAN,SFZ-60000/150,23-Mei-1996,1995,30,R,TUBULAR,TUBULAR,TUBULAR,TUBULAR,,,,,,,,
443,UPT SALATIGA,GIS 150KV GEJAYAN,TRF#2 150/20kV,XIAN,SFZ-60000/150,23-Mei-1996,1995,30,S,TUBULAR,TUBULAR,TUBULAR,TUBULAR,,,,,,,,
444,UPT SALATIGA,GIS 150KV GEJAYAN,TRF#2 150/20kV,XIAN,SFZ-60000/150,23-Mei-1996,1995,30,T,TUBULAR,TUBULAR,TUBULAR,TUBULAR,,,,,,,,
445,UPT SALATIGA,GIS 150KV MANGKUNEGARAN,TRF#2 150/20kV,UNINDO,N-RANGE,11-Agu-2011,2008,14,R,TUBULAR,TUBULAR,TUBULAR,TUBULAR,,,,,,,,
446,UPT SALATIGA,GIS 150KV MANGKUNEGARAN,TRF#2 150/20kV,UNINDO,N-RANGE,11-Agu-2011,2008,14,S,TUBULAR,TUBULAR,TUBULAR,TUBULAR,,,,,,,,
447,UPT SALATIGA,GIS 150KV MANGKUNEGARAN,TRF#2 150/20kV,UNINDO,N-RANGE,11-Agu-2011,2008,14,T,TUBULAR,TUBULAR,TUBULAR,TUBULAR,,,,,,,,
448,UPT SALATIGA,GIS 150KV MANGKUNEGARAN,TRF#1 150/22kV,SCHNEIDER,OIL FILLED WITH CONSERVATOR,21-Okt-2020,2019,5,R,TUBULAR,TUBULAR,TUBULAR,TUBULAR,,,,,,,,
449,UPT SALATIGA,GIS 150KV MANGKUNEGARAN,TRF#1 150/22kV,SCHNEIDER,OIL FILLED WITH CONSERVATOR,21-Okt-2020,2019,5,S,TUBULAR,TUBULAR,TUBULAR,TUBULAR,,,,,,,,
450,UPT SALATIGA,GIS 150KV MANGKUNEGARAN,TRF#1 150/22kV,SCHNEIDER,OIL FILLED WITH CONSERVATOR,21-Okt-2020,2019,5,T,TUBULAR,TUBULAR,TUBULAR,TUBULAR,,,,,,,,
451,UPT SALATIGA,GIS 150KV WIROBRAJAN,TRF#1 150/22kV,UNINDO,"3 PHASE GIS, OIL IMMERSED",28-Jan-2026,2025,0,R,TUBULAR,TUBULAR,TUBULAR,TUBULAR,,,,,,,,
452,UPT SALATIGA,GIS 150KV WIROBRAJAN,TRF#1 150/22kV,UNINDO,"3 PHASE GIS, OIL IMMERSED",28-Jan-2026,2025,0,S,TUBULAR,TUBULAR,TUBULAR,TUBULAR,,,,,,,,
453,UPT SALATIGA,GIS 150KV WIROBRAJAN,TRF#1 150/22kV,UNINDO,"3 PHASE GIS, OIL IMMERSED",28-Jan-2026,2025,0,T,TUBULAR,TUBULAR,TUBULAR,TUBULAR,,,,,,,,
454,UPT SALATIGA,GIS 150KV WIROBRAJAN,TRF#2 150/20kV,UNINDO,MPT,10-Feb-2017,2015,9,R,TUBULAR,TUBULAR,TUBULAR,TUBULAR,,,,,,,,
455,UPT SALATIGA,GIS 150KV WIROBRAJAN,TRF#2 150/20kV,UNINDO,MPT,10-Feb-2017,2015,9,S,TUBULAR,TUBULAR,TUBULAR,TUBULAR,,,,,,,,
456,UPT SALATIGA,GIS 150KV WIROBRAJAN,TRF#2 150/20kV,UNINDO,MPT,10-Feb-2017,2015,9,T,TUBULAR,TUBULAR,TUBULAR,TUBULAR,,,,,,,,
457,UPT SALATIGA,GITET 500KV BOYOLALI,IBT#1 500/150kV (HV),XD SAKTI INDONESIA,DFSZ-166667/500,23-Sep-2023,2020,2,H.R,,,,,,,,,,,,
458,UPT SALATIGA,GITET 500KV BOYOLALI,IBT#1 500/150kV (HV),XD SAKTI INDONESIA,DFSZ-166667/500,23-Sep-2023,2020,2,L.R,,,,,,,,,,,,
459,UPT SALATIGA,GITET 500KV BOYOLALI,IBT#1 500/150kV (HV),XD SAKTI INDONESIA,DFSZ-166667/500,23-Sep-2023,2020,2,TV.1,,,,,,,,,,,,
460,UPT SALATIGA,GITET 500KV BOYOLALI,IBT#1 500/150kV (HV),XD SAKTI INDONESIA,DFSZ-166667/500,23-Sep-2023,2020,2,TV.2,,,,,,,,,,,,
461,UPT SALATIGA,GITET 500KV BOYOLALI,IBT#1 500/150kV (HV),XD SAKTI INDONESIA,DFSZ-166667/500,23-Sep-2023,2020,2,H.S,,,,,,,,,,,,
462,UPT SALATIGA,GITET 500KV BOYOLALI,IBT#1 500/150kV (HV),XD SAKTI INDONESIA,DFSZ-166667/500,23-Sep-2023,2020,2,L.S,,,,,,,,,,,,
463,UPT SALATIGA,GITET 500KV BOYOLALI,IBT#1 500/150kV (HV),XD SAKTI INDONESIA,DFSZ-166667/500,23-Sep-2023,2020,2,TV.1,,,,,,,,,,,,
464,UPT SALATIGA,GITET 500KV BOYOLALI,IBT#1 500/150kV (HV),XD SAKTI INDONESIA,DFSZ-166667/500,23-Sep-2023,2020,2,TV.2,,,,,,,,,,,,
465,UPT SALATIGA,GITET 500KV BOYOLALI,IBT#1 500/150kV (HV),XD SAKTI INDONESIA,DFSZ-166667/500,23-Sep-2023,2020,2,H.T,,,,,,,,,,,,
466,UPT SALATIGA,GITET 500KV BOYOLALI,IBT#1 500/150kV (HV),XD SAKTI INDONESIA,DFSZ-166667/500,23-Sep-2023,2020,2,L.T,,,,,,,,,,,,
467,UPT SALATIGA,GITET 500KV BOYOLALI,IBT#1 500/150kV (HV),XD SAKTI INDONESIA,DFSZ-166667/500,23-Sep-2023,2020,2,TV.1,,,,,,,,,,,,
468,UPT SALATIGA,GITET 500KV BOYOLALI,IBT#1 500/150kV (HV),XD SAKTI INDONESIA,DFSZ-166667/500,23-Sep-2023,2020,2,TV.2,,,,,,,,,,,,
469,UPT SALATIGA,GITET 500KV BOYOLALI,IBT#2 500/150kV (HV),XD SAKTI INDONESIA,DFSZ-166667/500,23-Sep-2023,2020,2,H.R,,,,,,,,,,,,
470,UPT SALATIGA,GITET 500KV BOYOLALI,IBT#2 500/150kV (HV),XD SAKTI INDONESIA,DFSZ-166667/500,23-Sep-2023,2020,2,L.R,,,,,,,,,,,,
471,UPT SALATIGA,GITET 500KV BOYOLALI,IBT#2 500/150kV (HV),XD SAKTI INDONESIA,DFSZ-166667/500,23-Sep-2023,2020,2,TV.1,,,,,,,,,,,,
472,UPT SALATIGA,GITET 500KV BOYOLALI,IBT#2 500/150kV (HV),XD SAKTI INDONESIA,DFSZ-166667/500,23-Sep-2023,2020,2,TV.2,,,,,,,,,,,,
473,UPT SALATIGA,GITET 500KV BOYOLALI,IBT#2 500/150kV (HV),XD SAKTI INDONESIA,DFSZ-166667/500,23-Sep-2023,2020,2,H.S,,,,,,,,,,,,
474,UPT SALATIGA,GITET 500KV BOYOLALI,IBT#2 500/150kV (HV),XD SAKTI INDONESIA,DFSZ-166667/500,23-Sep-2023,2020,2,L.S,,,,,,,,,,,,
475,UPT SALATIGA,GITET 500KV BOYOLALI,IBT#2 500/150kV (HV),XD SAKTI INDONESIA,DFSZ-166667/500,23-Sep-2023,2020,2,TV.1,,,,,,,,,,,,
476,UPT SALATIGA,GITET 500KV BOYOLALI,IBT#2 500/150kV (HV),XD SAKTI INDONESIA,DFSZ-166667/500,23-Sep-2023,2020,2,TV.2,,,,,,,,,,,,
477,UPT SALATIGA,GITET 500KV BOYOLALI,IBT#2 500/150kV (HV),XD SAKTI INDONESIA,DFSZ-166667/500,23-Sep-2023,2020,2,H.T,,,,,,,,,,,,
478,UPT SALATIGA,GITET 500KV BOYOLALI,IBT#2 500/150kV (HV),XD SAKTI INDONESIA,DFSZ-166667/500,23-Sep-2023,2020,2,L.T,,,,,,,,,,,,
479,UPT SALATIGA,GITET 500KV BOYOLALI,IBT#2 500/150kV (HV),XD SAKTI INDONESIA,DFSZ-166667/500,23-Sep-2023,2020,2,TV.1,,,,,,,,,,,,
480,UPT SALATIGA,GITET 500KV BOYOLALI,IBT#2 500/150kV (HV),XD SAKTI INDONESIA,DFSZ-166667/500,23-Sep-2023,2020,2,TV.2,,,,,,,,,,,,
481,UPT SALATIGA,GITET 500KV PEDAN,IBT#1 500/150kV (HV),PEEBLES,A0T782,16-Des-2000,1997,25,H.R,REYROLLE LIMITED,OTA 550/3150/750/325,,OIP,,,,,GOOD,,,
482,UPT SALATIGA,GITET 500KV PEDAN,IBT#1 500/150kV (HV),PEEBLES,A0T782,16-Des-2000,1997,25,L.R,REYROLLE LIMITED,OTA 170/3150/750/325,,OIP,,,,,GOOD,,,
483,UPT SALATIGA,GITET 500KV PEDAN,IBT#1 500/150kV (HV),PEEBLES,A0T782,16-Des-2000,1997,25,TV.1,REYROLLE LIMITED,OTA 72.5/3150/750/155,,OIP,,,,,GOOD,,,
484,UPT SALATIGA,GITET 500KV PEDAN,IBT#1 500/150kV (HV),PEEBLES,A0T782,16-Des-2000,1997,25,TV.2,REYROLLE LIMITED,OTA 72.5/3150/750/155,,OIP,,,,,GOOD,,,
485,UPT SALATIGA,GITET 500KV PEDAN,IBT#1 500/150kV (HV),PEEBLES,A0T782,16-Des-2000,1997,25,H.S,REYROLLE LIMITED,OTA 550/3150/750/325,,OIP,,,,,GOOD,,,
486,UPT SALATIGA,GITET 500KV PEDAN,IBT#1 500/150kV (HV),PEEBLES,A0T782,16-Des-2000,1997,25,L.S,REYROLLE LIMITED,OTA 170/3150/750/325,,OIP,,,,,GOOD,,,
487,UPT SALATIGA,GITET 500KV PEDAN,IBT#1 500/150kV (HV),PEEBLES,A0T782,16-Des-2000,1997,25,TV.1,REYROLLE LIMITED,OTA 72.5/3150/750/155,,OIP,,,,,GOOD,,,
488,UPT SALATIGA,GITET 500KV PEDAN,IBT#1 500/150kV (HV),PEEBLES,A0T782,16-Des-2000,1997,25,TV.2,REYROLLE LIMITED,OTA 72.5/3150/750/155,,OIP,,,,,GOOD,,,
489,UPT SALATIGA,GITET 500KV PEDAN,IBT#1 500/150kV (HV),CG PAUWELS,EORF.167/680,20-Okt-2015,2015,10,H.T,HSP,ETFt 1800-550 B-E3 B Spez,,RIP,,,,,,,,
490,UPT SALATIGA,GITET 500KV PEDAN,IBT#1 500/150kV (HV),CG PAUWELS,EORF.167/680,20-Okt-2015,2015,10,L.T,,,,RIP,,,,,,,,
491,UPT SALATIGA,GITET 500KV PEDAN,IBT#1 500/150kV (HV),CG PAUWELS,EORF.167/680,20-Okt-2015,2015,10,TV.1,,,,RIP,,,,,,,,
492,UPT SALATIGA,GITET 500KV PEDAN,IBT#1 500/150kV (HV),CG PAUWELS,EORF.167/680,20-Okt-2015,2015,10,TV.2,,,,RIP,,,,,,,,
493,UPT SALATIGA,GITET 500KV PEDAN,IBT#2 500/150kV (HV),ELIN,TEQ-205R55F9K-99,8-Sep-2003,1997,22,H.R,HAEFELLY TRECH,COT 740-2000182027,96C6963,OIP,,,,,GOOD,,,
494,UPT SALATIGA,GITET 500KV PEDAN,IBT#2 500/150kV (HV),ELIN,TEQ-205R55F9K-99,8-Sep-2003,1997,22,L.R,TRENCH,COT 750-3150,17C4776,OIP,,,,,GOOD,,,
495,UPT SALATIGA,GITET 500KV PEDAN,IBT#2 500/150kV (HV),ELIN,TEQ-205R55F9K-99,8-Sep-2003,1997,22,TV.1,HAEFELLY TRECH,18 2028/72.5/42,96 C 6965,OIP,,,,,GOOD,,,
496,UPT SALATIGA,GITET 500KV PEDAN,IBT#2 500/150kV (HV),ELIN,TEQ-205R55F9K-99,8-Sep-2003,1997,22,TV.2,HAEFELLY TRECH,18 2028/72.5/42,96 C 6978,OIP,,,,,GOOD,,,
497,UPT SALATIGA,GITET 500KV PEDAN,IBT#2 500/150kV (HV),ELIN,TEQ-205R55F9K-99,8-Sep-2003,1997,22,H.S,HSP,ETFt 1800-550 B-E3 B Spez,N424511,RIP,,,,,,,,
498,UPT SALATIGA,GITET 500KV PEDAN,IBT#2 500/150kV (HV),ELIN,TEQ-205R55F9K-99,8-Sep-2003,1997,22,L.S,HSP,ETFt 750-170-2500 E3 Spez,N4241596,RIP,,,,,,,,
499,UPT SALATIGA,GITET 500KV PEDAN,IBT#2 500/150kV (HV),ELIN,TEQ-205R55F9K-99,8-Sep-2003,1997,22,TV.1,HSP,ETFt 325-73-2500 E3 Spez,N4241909,RIP,,,,,,,,
500,UPT SALATIGA,GITET 500KV PEDAN,IBT#2 500/150kV (HV),ELIN,TEQ-205R55F9K-99,8-Sep-2003,1997,22,TV.2,HSP,ETFt 325-73-2500 E3 Spez,,RIP,,,,,,,,
501,UPT SALATIGA,GITET 500KV PEDAN,IBT#2 500/150kV (HV),CG PAUWELS,EORF.167/680,30-Mar-2020,2015,6,H.T,ASEA,LF 120 001-A,168742,OIP,,,,,GOOD,,,
502,UPT SALATIGA,GITET 500KV PEDAN,IBT#2 500/150kV (HV),CG PAUWELS,EORF.167/680,30-Mar-2020,2015,6,L.T,TRENCH,COT 750-3150,17C4776,OIP,,,,,GOOD,,,
503,UPT SALATIGA,GITET 500KV PEDAN,IBT#2 500/150kV (HV),CG PAUWELS,EORF.167/680,30-Mar-2020,2015,6,TV.1,TRENCH,COT 325-1250/0020931/1,10 B 3769,OIP,,,,,GOOD,,,
504,UPT SALATIGA,GITET 500KV PEDAN,IBT#2 500/150kV (HV),CG PAUWELS,EORF.167/680,30-Mar-2020,2015,6,TV.2,TRENCH,COT 325-1250/0020931/1,,OIP,,,,,GOOD,,,
505,UPT SALATIGA,GITET 500KV PEDAN,IBT#4 500/150kV (HV),ALSTOM,DFSZ-166667/500,17-Jul-2018,2015,8,H.R,TRENCH (CHINA),BRDLW-550/1250-4,,OIP,,,,,GOOD,,,
506,UPT SALATIGA,GITET 500KV PEDAN,IBT#4 500/150kV (HV),ALSTOM,DFSZ-166667/500,17-Jul-2018,2015,8,L.R,TRENCH (CHINA),BRDLW-170/2000-4,,OIP,,,,,GOOD,,,
507,UPT SALATIGA,GITET 500KV PEDAN,IBT#4 500/150kV (HV),ALSTOM,DFSZ-166667/500,17-Jul-2018,2015,8,TV.1,TRENCH (CHINA),BRDLW-72.5/1250-4,,OIP,,,,,GOOD,,,
508,UPT SALATIGA,GITET 500KV PEDAN,IBT#4 500/150kV (HV),ALSTOM,DFSZ-166667/500,17-Jul-2018,2015,8,TV.2,TRENCH (CHINA),BRDLW-72.5/1250-4,,OIP,,,,,GOOD,,,
509,UPT SALATIGA,GITET 500KV PEDAN,IBT#4 500/150kV (HV),ALSTOM,DFSZ-166667/500,17-Jul-2018,2015,8,H.S,TRENCH (CHINA),BRDLW-550/1250-4,,OIP,,,,,GOOD,,,
510,UPT SALATIGA,GITET 500KV PEDAN,IBT#4 500/150kV (HV),ALSTOM,DFSZ-166667/500,17-Jul-2018,2015,8,L.S,TRENCH (CHINA),BRDLW-170/2000-4,,OIP,,,,,GOOD,,,
511,UPT SALATIGA,GITET 500KV PEDAN,IBT#4 500/150kV (HV),ALSTOM,DFSZ-166667/500,17-Jul-2018,2015,8,TV.1,TRENCH (CHINA),BRDLW-72.5/1250-4,,OIP,,,,,GOOD,,,
512,UPT SALATIGA,GITET 500KV PEDAN,IBT#4 500/150kV (HV),ALSTOM,DFSZ-166667/500,17-Jul-2018,2015,8,TV.2,TRENCH (CHINA),BRDLW-72.5/1250-4,,OIP,,,,,GOOD,,,
513,UPT SALATIGA,GITET 500KV PEDAN,IBT#4 500/150kV (HV),ALSTOM,DFSZ-166667/500,17-Jul-2018,2015,8,H.T,TRENCH (CHINA),BRDLW-550/1250-4,,OIP,,,,,GOOD,,,
514,UPT SALATIGA,GITET 500KV PEDAN,IBT#4 500/150kV (HV),ALSTOM,DFSZ-166667/500,17-Jul-2018,2015,8,L.T,TRENCH (CHINA),BRDLW-170/2000-4,,OIP,,,,,GOOD,,,
515,UPT SALATIGA,GITET 500KV PEDAN,IBT#4 500/150kV (HV),ALSTOM,DFSZ-166667/500,17-Jul-2018,2015,8,TV.1,TRENCH (CHINA),BRDLW-72.5/1250-4,,OIP,,,,,GOOD,,,
516,UPT SALATIGA,GITET 500KV PEDAN,IBT#4 500/150kV (HV),ALSTOM,DFSZ-166667/500,17-Jul-2018,2015,8,TV.2,TRENCH (CHINA),BRDLW-72.5/1250-4,,OIP,,,,,GOOD,,,
517,UPT SALATIGA,GITET 500KV PEDAN,IBT#3 500/150kV (HV),ALSTOM,DFSZ-166667/500,18-Jul-2018,2015,8,H.R,TRENCH (CHINA),BRDLW-550/1250-4,,OIP,,,,,GOOD,,,
518,UPT SALATIGA,GITET 500KV PEDAN,IBT#3 500/150kV (HV),ALSTOM,DFSZ-166667/500,18-Jul-2018,2015,8,L.R,TRENCH (CHINA),BRDLW-170/2000-4,,OIP,,,,,GOOD,,,
519,UPT SALATIGA,GITET 500KV PEDAN,IBT#3 500/150kV (HV),ALSTOM,DFSZ-166667/500,18-Jul-2018,2015,8,TV.1,TRENCH (CHINA),BRDLW-72.5/1250-4,,OIP,,,,,GOOD,,,
520,UPT SALATIGA,GITET 500KV PEDAN,IBT#3 500/150kV (HV),ALSTOM,DFSZ-166667/500,18-Jul-2018,2015,8,TV.2,TRENCH (CHINA),BRDLW-72.5/1250-4,,OIP,,,,,GOOD,,,
521,UPT SALATIGA,GITET 500KV PEDAN,IBT#3 500/150kV (HV),ALSTOM,DFSZ-166667/500,18-Jul-2018,2015,8,H.S,TRENCH (CHINA),BRDLW-550/1250-4,,OIP,,,,,GOOD,,,
522,UPT SALATIGA,GITET 500KV PEDAN,IBT#3 500/150kV (HV),ALSTOM,DFSZ-166667/500,18-Jul-2018,2015,8,L.S,TRENCH (CHINA),BRDLW-170/2000-4,,OIP,,,,,GOOD,,,
523,UPT SALATIGA,GITET 500KV PEDAN,IBT#3 500/150kV (HV),ALSTOM,DFSZ-166667/500,18-Jul-2018,2015,8,TV.1,TRENCH (CHINA),BRDLW-72.5/1250-4,,OIP,,,,,GOOD,,,
524,UPT SALATIGA,GITET 500KV PEDAN,IBT#3 500/150kV (HV),ALSTOM,DFSZ-166667/500,18-Jul-2018,2015,8,TV.2,TRENCH (CHINA),BRDLW-72.5/1250-4,,OIP,,,,,GOOD,,,
525,UPT SALATIGA,GITET 500KV PEDAN,IBT#3 500/150kV (HV),ALSTOM,DFSZ-166667/500,18-Jul-2018,2015,8,H.T,TRENCH (CHINA),BRDLW-550/1250-4,,OIP,,,,,GOOD,,,
526,UPT SALATIGA,GITET 500KV PEDAN,IBT#3 500/150kV (HV),ALSTOM,DFSZ-166667/500,18-Jul-2018,2015,8,L.T,TRENCH (CHINA),BRDLW-170/2000-4,,OIP,,,,,GOOD,,,
527,UPT SALATIGA,GITET 500KV PEDAN,IBT#3 500/150kV (HV),ALSTOM,DFSZ-166667/500,18-Jul-2018,2015,8,TV.1,TRENCH (CHINA),BRDLW-72.5/1250-4,,OIP,,,,,GOOD,,,
528,UPT SALATIGA,GITET 500KV PEDAN,IBT#3 500/150kV (HV),ALSTOM,DFSZ-166667/500,18-Jul-2018,2015,8,TV.2,TRENCH (CHINA),BRDLW-72.5/1250-4,,OIP,,,,,GOOD,,,
529,UPT SEMARANG,GI 150KV BLORA,TRF#2 150/22kV,UNINDO,TTUB150/30000,27-Okt-2009,1987,16,R,PASSONI VILLA,,HH03039526,OIP,,,,,GOOD,,,
530,UPT SEMARANG,GI 150KV BLORA,TRF#2 150/22kV,UNINDO,TTUB150/30000,27-Okt-2009,1987,16,S,PASSONI VILLA,,HH03039527,OIP,,,,,GOOD,,,
531,UPT SEMARANG,GI 150KV BLORA,TRF#2 150/22kV,UNINDO,TTUB150/30000,27-Okt-2009,1987,16,T,PASSONI VILLA,,HH03039528,OIP,,,,,GOOD,,,
532,UPT SEMARANG,GI 150KV BLORA,TRF#1 150/20kV,UNINDO,MPT,3-Mar-2016,2014,10,R,,,,OIP,,,,,GOOD,,,
533,UPT SEMARANG,GI 150KV BLORA,TRF#1 150/20kV,UNINDO,MPT,3-Mar-2016,2014,10,S,,,,OIP,,,,,GOOD,,,
534,UPT SEMARANG,GI 150KV BLORA,TRF#1 150/20kV,UNINDO,MPT,3-Mar-2016,2014,10,T,,,,OIP,,,,,GOOD,,,
535,UPT SEMARANG,GI 150KV BUMI SEMARANG BARU,TRF#2 150/20kV,SHANDONG TAIKAI,SFZ11-60000,22-Sep-2012,2012,13,R,PASSONI VILLA,PN0170.750.800,110816,OIP,,,,,GOOD,,,
536,UPT SEMARANG,GI 150KV BUMI SEMARANG BARU,TRF#2 150/20kV,SHANDONG TAIKAI,SFZ11-60000,22-Sep-2012,2012,13,S,PASSONI VILLA,PN0170.750.800,110942,OIP,,,,,GOOD,,,
537,UPT SEMARANG,GI 150KV BUMI SEMARANG BARU,TRF#2 150/20kV,SHANDONG TAIKAI,SFZ11-60000,22-Sep-2012,2012,13,T,PASSONI VILLA,PN0170.750.800,110814,OIP,,,,,GOOD,,,
538,UPT SEMARANG,GI 150KV BUMI SEMARANG BARU,TRF#1 150/20kV,CG PAUWELS,ORF.60/325,12-Mei-2024,2016,2,R,HSP,STARIP 170-1250,N5250324,RIP,,,,,,,,
539,UPT SEMARANG,GI 150KV BUMI SEMARANG BARU,TRF#1 150/20kV,CG PAUWELS,ORF.60/325,12-Mei-2024,2016,2,S,HSP,STARIP 170-1250,N5250185,RIP,,,,,,,,
540,UPT SEMARANG,GI 150KV BUMI SEMARANG BARU,TRF#1 150/20kV,CG PAUWELS,ORF.60/325,12-Mei-2024,2016,2,T,HSP,STARIP 170-1250,N5250319,RIP,,,,,,,,
541,UPT SEMARANG,GI 150KV CEPU,TRF#1 150/20kV,CG PAUWELS,ORF.60/275,25-Jun-2016,2015,10,R,ABB,RTF 170-750/1250 B,1ZCD11106184,RIP,,,,,,,,
542,UPT SEMARANG,GI 150KV CEPU,TRF#1 150/20kV,CG PAUWELS,ORF.60/275,25-Jun-2016,2015,10,S,ABB,RTF 170-750/1250 B,1ZCD11106183,RIP,,,,,,,,
543,UPT SEMARANG,GI 150KV CEPU,TRF#1 150/20kV,CG PAUWELS,ORF.60/275,25-Jun-2016,2015,10,T,ABB,RTF 170-750/1250 B,1ZCD11106190,RIP,,,,,,,,
544,UPT SEMARANG,GI 150KV CEPU,TRF#2 150/20kV,XIAN,SFZ.20000,16-Jan-2025,1995,1,R,,,,OIP,,,,,GOOD,,,
545,UPT SEMARANG,GI 150KV CEPU,TRF#2 150/20kV,XIAN,SFZ.20000,16-Jan-2025,1995,1,S,,,,OIP,,,,,GOOD,,,
546,UPT SEMARANG,GI 150KV CEPU,TRF#2 150/20kV,XIAN,SFZ.20000,16-Jan-2025,1995,1,T,,,,OIP,,,,,GOOD,,,
547,UPT SEMARANG,GI 150KV JEKULO,TRF#1 150/20kV,ELIN,SFZ-60000/150,28-Jun-2010,2006,16,R,HAEFELY TRENCH,COT 750-800,60014,OIP,,,,,GOOD,,,
548,UPT SEMARANG,GI 150KV JEKULO,TRF#1 150/20kV,ELIN,SFZ-60000/150,28-Jun-2010,2006,16,S,HAEFELY TRENCH,COT 750-800,60011,OIP,,,,,GOOD,,,
549,UPT SEMARANG,GI 150KV JEKULO,TRF#1 150/20kV,ELIN,SFZ-60000/150,28-Jun-2010,2006,16,T,HAEFELY TRENCH,COT 750-800,60007,OIP,,,,,GOOD,,,
550,UPT SEMARANG,GI 150KV JEKULO,TRF#2 150/22kV,B&D TRANSFORMER,PX-001-FOHB,10-Nov-2017,2017,8,R,ABB,RTF 170-750/1250 B,IZCD11488418,RIP,,,,,,,,
551,UPT SEMARANG,GI 150KV JEKULO,TRF#2 150/22kV,B&D TRANSFORMER,PX-001-FOHB,10-Nov-2017,2017,8,S,ABB,RTF 170-750/1250 B,IZCD11488417,RIP,,,,,,,,
552,UPT SEMARANG,GI 150KV JEKULO,TRF#2 150/22kV,B&D TRANSFORMER,PX-001-FOHB,10-Nov-2017,2017,8,T,ABB,RTF 170-750/1250 B,IZCD11488416,RIP,,,,,,,,
553,UPT SEMARANG,GI 150KV JEKULO,TRF#3 150/22kV,UNINDO,SFZ-60000/150,17-Apr-2026,2017,0,R,,,,,,,,,,,,
554,UPT SEMARANG,GI 150KV JEKULO,TRF#3 150/22kV,UNINDO,SFZ-60000/150,17-Apr-2026,2017,0,S,,,,,,,,,,,,
555,UPT SEMARANG,GI 150KV JEKULO,TRF#3 150/22kV,UNINDO,SFZ-60000/150,17-Apr-2026,2017,0,T,,,,,,,,,,,,
556,UPT SEMARANG,GI 150KV JEPARA,TRF#2 150/20kV,UNINDO,POWER TRANSFORMER,26-Okt-2013,2013,12,R,,,,RIP,,,,,,,,
557,UPT SEMARANG,GI 150KV JEPARA,TRF#2 150/20kV,UNINDO,POWER TRANSFORMER,26-Okt-2013,2013,12,S,,,,RIP,,,,,,,,
558,UPT SEMARANG,GI 150KV JEPARA,TRF#2 150/20kV,UNINDO,POWER TRANSFORMER,26-Okt-2013,2013,12,T,,,,RIP,,,,,,,,
559,UPT SEMARANG,GI 150KV JEPARA,TRF MOBILE 150/20kV,CG PAUWELS,ORF.30/275,22-Jul-2022,2012,4,R,HSP,,,RIP,,,,,,,,
560,UPT SEMARANG,GI 150KV JEPARA,TRF MOBILE 150/20kV,CG PAUWELS,ORF.30/275,22-Jul-2022,2012,4,S,HSP,,,RIP,,,,,,,,
561,UPT SEMARANG,GI 150KV JEPARA,TRF MOBILE 150/20kV,CG PAUWELS,ORF.30/275,22-Jul-2022,2012,4,T,HSP,,,RIP,,,,,,,,
562,UPT SEMARANG,GI 150KV JEPARA,TRF#1 150/22kV,CG PAUWELS,ORF.60/275,18-Mar-2018,2017,8,R,,,,RIP,,,,,,,,
563,UPT SEMARANG,GI 150KV JEPARA,TRF#1 150/22kV,CG PAUWELS,ORF.60/275,18-Mar-2018,2017,8,S,,,,RIP,,,,,,,,
564,UPT SEMARANG,GI 150KV JEPARA,TRF#1 150/22kV,CG PAUWELS,ORF.60/275,18-Mar-2018,2017,8,T,,,,RIP,,,,,,,,
565,UPT SEMARANG,GI 150KV KALIWUNGU,TRF#1 150/20kV,ABB,TPDA.77650/60000,24-Mar-1994,1993,32,R,ABB,GOB 750,220150,OIP,,,,,GOOD,,,
566,UPT SEMARANG,GI 150KV KALIWUNGU,TRF#1 150/20kV,ABB,TPDA.77650/60000,24-Mar-1994,1993,32,S,ABB,GOB 750,224386,OIP,,,,,GOOD,,,
567,UPT SEMARANG,GI 150KV KALIWUNGU,TRF#1 150/20kV,ABB,TPDA.77650/60000,24-Mar-1994,1993,32,T,ABB,GOB 750,224385,OIP,,,,,GOOD,,,
568,UPT SEMARANG,GI 150KV KALIWUNGU,TRF#2 150/20kV,CG PAUWELS,ORF.60/275,15-Apr-2015,2014,11,R,HSP,STARIP 170-1250,N4 236769,RIP,,,,,,,,
569,UPT SEMARANG,GI 150KV KALIWUNGU,TRF#2 150/20kV,CG PAUWELS,ORF.60/275,15-Apr-2015,2014,11,S,HSP,STARIP 170-1250,N4 236770,RIP,,,,,,,,
570,UPT SEMARANG,GI 150KV KALIWUNGU,TRF#2 150/20kV,CG PAUWELS,ORF.60/275,15-Apr-2015,2014,11,T,HSP,STARIP 170-1250,N4 236771,RIP,,,,,,,,
571,UPT SEMARANG,GI 150KV KALIWUNGU,TRF#MOBILE 150/20kV,ABB,POWER TRANSFORMER,18-Mei-2025,1996,1,R,ABB,GOB 750,240912,OIP,,,,,GOOD,,,
572,UPT SEMARANG,GI 150KV KALIWUNGU,TRF#MOBILE 150/20kV,ABB,POWER TRANSFORMER,18-Mei-2025,1996,1,S,ABB,GOB 750,240914,OIP,,,,,GOOD,,,
573,UPT SEMARANG,GI 150KV KALIWUNGU,TRF#MOBILE 150/20kV,ABB,POWER TRANSFORMER,18-Mei-2025,1996,1,T,ABB,GOB 750,240913,OIP,,,,,GOOD,,,
574,UPT SEMARANG,GI 150KV KALIWUNGU,TRF#3 150/20kV,B&D TRANSFORMER,PX-081-FO1B,31-Agu-2025,2025,0,R,HSP,STARIP 170-1250,320603,RIP,,,,,,,,
575,UPT SEMARANG,GI 150KV KALIWUNGU,TRF#3 150/20kV,B&D TRANSFORMER,PX-081-FO1B,31-Agu-2025,2025,0,S,HSP,STARIP 170-1250,320603,RIP,,,,,,,,
576,UPT SEMARANG,GI 150KV KALIWUNGU,TRF#3 150/20kV,B&D TRANSFORMER,PX-081-FO1B,31-Agu-2025,2025,0,T,HSP,STARIP 170-1250,320603,RIP,,,,,,,,
577,UPT SEMARANG,GI 150KV KEDUNGOMBO,TRF#1 150/22kV,B&D TRANSFORMER,PX-001-FOHB,21-Des-2017,2017,8,R,,,,RIP,,,,,,,,
578,UPT SEMARANG,GI 150KV KEDUNGOMBO,TRF#1 150/22kV,B&D TRANSFORMER,PX-001-FOHB,21-Des-2017,2017,8,S,,,,RIP,,,,,,,,
579,UPT SEMARANG,GI 150KV KEDUNGOMBO,TRF#1 150/22kV,B&D TRANSFORMER,PX-001-FOHB,21-Des-2017,2017,8,T,,,,RIP,,,,,,,,
580,UPT SEMARANG,GI 150KV KRAPYAK,TRF#2 150/22kV,CG PAUWELS,ORF.60/275,1-Sep-2016,2016,9,R,,,,RIP,,,,,,,,
581,UPT SEMARANG,GI 150KV KRAPYAK,TRF#2 150/22kV,CG PAUWELS,ORF.60/275,1-Sep-2016,2016,9,S,,,,RIP,,,,,,,,
582,UPT SEMARANG,GI 150KV KRAPYAK,TRF#2 150/22kV,CG PAUWELS,ORF.60/275,1-Sep-2016,2016,9,T,,,,RIP,,,,,,,,
583,UPT SEMARANG,GI 150KV KRAPYAK,TRF#3 150/20kV,UNINDO,MPT,23-Apr-2016,2014,10,R,,,,OIP,,,,,GOOD,,,
584,UPT SEMARANG,GI 150KV KRAPYAK,TRF#3 150/20kV,UNINDO,MPT,23-Apr-2016,2014,10,S,,,,OIP,,,,GOOD,GOOD,,,
585,UPT SEMARANG,GI 150KV KRAPYAK,TRF#3 150/20kV,UNINDO,MPT,23-Apr-2016,2014,10,T,,,,OIP,,,,,GOOD,,,
586,UPT SEMARANG,GI 150KV KRAPYAK,TRF#1 150/20kV,CG PAUWELS,ORF.60/275,9-Jun-2016,2015,10,R,,,,RIP,,,,,,,,
587,UPT SEMARANG,GI 150KV KRAPYAK,TRF#1 150/20kV,CG PAUWELS,ORF.60/275,9-Jun-2016,2015,10,S,,,,RIP,,,,,,,,
588,UPT SEMARANG,GI 150KV KRAPYAK,TRF#1 150/20kV,CG PAUWELS,ORF.60/275,9-Jun-2016,2015,10,T,,,,RIP,,,,,,,,
589,UPT SEMARANG,GI 150KV KUDUS,TRF#1 150/20kV,CG PAUWELS,ORF.60/275,4-Jul-2014,2012,12,R,HSP,STARIP 170-1250,,RIP,,,,,,,,
590,UPT SEMARANG,GI 150KV KUDUS,TRF#1 150/20kV,CG PAUWELS,ORF.60/275,4-Jul-2014,2012,12,S,HSP,STARIP 170-1250,,RIP,,,,,,,,
591,UPT SEMARANG,GI 150KV KUDUS,TRF#1 150/20kV,CG PAUWELS,ORF.60/275,4-Jul-2014,2012,12,T,HSP,STARIP 170-1250,,RIP,,,,,,,,
592,UPT SEMARANG,GI 150KV KUDUS,TRF MOBILE,CG PAUWELS,ORF.30/275,22-Sep-2021,2014,4,R,,,,RIP,,,,,,,,
593,UPT SEMARANG,GI 150KV KUDUS,TRF MOBILE,CG PAUWELS,ORF.30/275,22-Sep-2021,2014,4,S,,,,RIP,,,,,,,,
594,UPT SEMARANG,GI 150KV KUDUS,TRF MOBILE,CG PAUWELS,ORF.30/275,22-Sep-2021,2014,4,T,,,,RIP,,,,,,,,
595,UPT SEMARANG,GI 150KV KUDUS,TRF#3 150/22kV,SCHNEIDER,OIL FILLED WITH CONSERVATOR,8-Sep-2016,2016,9,R,HSP,STARIP 170-1250,,RIP,,,,,,,,
596,UPT SEMARANG,GI 150KV KUDUS,TRF#3 150/22kV,SCHNEIDER,OIL FILLED WITH CONSERVATOR,8-Sep-2016,2016,9,S,HSP,STARIP 170-1250,,RIP,,,,,,,,
597,UPT SEMARANG,GI 150KV KUDUS,TRF#3 150/22kV,SCHNEIDER,OIL FILLED WITH CONSERVATOR,8-Sep-2016,2016,9,T,HSP,STARIP 170-1250,,RIP,,,,,,,,
598,UPT SEMARANG,GI 150KV KUDUS,TRF#2 150/20kV,B&D TRANSFORMER,PX-070-FOMB,1-Okt-2021,2020,4,R,HSP,STARIP 170-1250,276830,RIP,,,,,,,,
599,UPT SEMARANG,GI 150KV KUDUS,TRF#2 150/20kV,B&D TRANSFORMER,PX-070-FOMB,1-Okt-2021,2020,4,S,HSP,STARIP 170-1250,,RIP,,,,,,,,
600,UPT SEMARANG,GI 150KV KUDUS,TRF#2 150/20kV,B&D TRANSFORMER,PX-070-FOMB,1-Okt-2021,2020,4,T,HSP,STARIP 170-1250,,RIP,,,,,,,,
601,UPT SEMARANG,GI 150KV MRANGGEN,TRF#1 150/20kV,ELIN,SFZ-60000/150,5-Des-2008,2006,17,R,HAEFELY TRENCH,COT 750-800,60008,OIP,,,,,GOOD,,,
602,UPT SEMARANG,GI 150KV MRANGGEN,TRF#1 150/20kV,ELIN,SFZ-60000/150,5-Des-2008,2006,17,S,HAEFELY TRENCH,COT 750-800,60015,OIP,,,,,GOOD,,,
603,UPT SEMARANG,GI 150KV MRANGGEN,TRF#1 150/20kV,ELIN,SFZ-60000/150,5-Des-2008,2006,17,T,HAEFELY TRENCH,COT 750-800,60012,OIP,,,,,GOOD,,,
604,UPT SEMARANG,GI 150KV MRANGGEN,TRF#2 150/20kV,CG PAUWELS,ORF.60/325,31-Agu-2017,2016,8,R,HSP,STARIP 170-1250,N5 250188,RIP,,,,,,,,
605,UPT SEMARANG,GI 150KV MRANGGEN,TRF#2 150/20kV,CG PAUWELS,ORF.60/325,31-Agu-2017,2016,8,S,HSP,STARIP 170-1250,N5 250189,RIP,,,,,,,,
606,UPT SEMARANG,GI 150KV MRANGGEN,TRF#2 150/20kV,CG PAUWELS,ORF.60/325,31-Agu-2017,2016,8,T,HSP,STARIP 170-1250,N5 250190,RIP,,,,,,,,
607,UPT SEMARANG,GI 150KV PANDEANLAMPER,TRF#3 150/20kV,XIAN,SFZ-60000/150,28-Mar-1996,1995,30,R,HAEFELY,COT 650-800,N1043,OIP,,,,,GOOD,,,
608,UPT SEMARANG,GI 150KV PANDEANLAMPER,TRF#3 150/20kV,XIAN,SFZ-60000/150,28-Mar-1996,1995,30,S,HAEFELY,COT 650-800,N1045,OIP,,,,,GOOD,,,
609,UPT SEMARANG,GI 150KV PANDEANLAMPER,TRF#3 150/20kV,XIAN,SFZ-60000/150,28-Mar-1996,1995,30,T,HAEFELY,COT 650-800,N1043,OIP,,,,,GOOD,,,
610,UPT SEMARANG,GI 150KV PANDEANLAMPER,TRF#2 150/20kV,UNINDO,MPT,10-Jan-2016,2014,10,R,,,,,,,,,,,,
611,UPT SEMARANG,GI 150KV PANDEANLAMPER,TRF#2 150/20kV,UNINDO,MPT,10-Jan-2016,2014,10,S,,,,,,,,,,,,
612,UPT SEMARANG,GI 150KV PANDEANLAMPER,TRF#2 150/20kV,UNINDO,MPT,10-Jan-2016,2014,10,T,,,,,,,,,,,,
613,UPT SEMARANG,GI 150KV PANDEANLAMPER,TRF#1 150/20kV,CG PAUWELS,ORF.60/325,13-Mar-2018,2016,8,R,,,,,,,,,,,,
614,UPT SEMARANG,GI 150KV PANDEANLAMPER,TRF#1 150/20kV,CG PAUWELS,ORF.60/325,13-Mar-2018,2016,8,S,,,,,,,,,,,,
615,UPT SEMARANG,GI 150KV PANDEANLAMPER,TRF#1 150/20kV,CG PAUWELS,ORF.60/325,13-Mar-2018,2016,8,T,,,,,,,,,,,,
616,UPT SEMARANG,GI 150KV PATI,TRF MOBILE 150/20kV,CG PAUWELS,ORF.30/275,15-Okt-2023,2012,2,,,,,,,,,,,,,
617,UPT SEMARANG,GI 150KV PATI,TRF MOBILE 150/20kV,CG PAUWELS,ORF.30/275,15-Okt-2023,2012,2,,,,,,,,,,,,,
618,UPT SEMARANG,GI 150KV PATI,TRF MOBILE 150/20kV,CG PAUWELS,ORF.30/275,15-Okt-2023,2012,2,,,,,,,,,,,,,
619,UPT SEMARANG,GI 150KV PATI,TRF#1 150/20kV,UNINDO,MPT,28-Jun-2016,2014,10,,,,,,,,,,,,,
620,UPT SEMARANG,GI 150KV PATI,TRF#1 150/20kV,UNINDO,MPT,28-Jun-2016,2014,10,,,,,,,,,,,,,
621,UPT SEMARANG,GI 150KV PATI,TRF#1 150/20kV,UNINDO,MPT,28-Jun-2016,2014,10,,,,,,,,,,,,,
622,UPT SEMARANG,GI 150KV PATI,TRF#2 150/22kV,CG PAUWELS,ORF.60/275,1-Nov-2017,2017,8,,,,,,,,,,,,,
623,UPT SEMARANG,GI 150KV PATI,TRF#2 150/22kV,CG PAUWELS,ORF.60/275,1-Nov-2017,2017,8,,,,,,,,,,,,,
624,UPT SEMARANG,GI 150KV PATI,TRF#2 150/22kV,CG PAUWELS,ORF.60/275,1-Nov-2017,2017,8,,,,,,,,,,,,,
625,UPT SEMARANG,GI 150KV PATI,TRF#3 150/20kV,B&D TRANSFORMER,PX-330-FO1B,31-Mei-2026,2025,0,,,,,,,,,,,,,
626,UPT SEMARANG,GI 150KV PATI,TRF#3 150/20kV,B&D TRANSFORMER,PX-330-FO1B,31-Mei-2026,2025,0,,,,,,,,,,,,,
627,UPT SEMARANG,GI 150KV PATI,TRF#3 150/20kV,B&D TRANSFORMER,PX-330-FO1B,31-Mei-2026,2025,0,,,,,,,,,,,,,
628,UPT SEMARANG,GI 150KV PLTU REMBANG (SLUKE),TRF#1 150/20kV,CG PAUWELS,ORF.60/325,15-Sep-2018,2016,7,,,,,,,,,,,,,
629,UPT SEMARANG,GI 150KV PLTU REMBANG (SLUKE),TRF#1 150/20kV,CG PAUWELS,ORF.60/325,15-Sep-2018,2016,7,,,,,,,,,,,,,
630,UPT SEMARANG,GI 150KV PLTU REMBANG (SLUKE),TRF#1 150/20kV,CG PAUWELS,ORF.60/325,15-Sep-2018,2016,7,,,,,,,,,,,,,
631,UPT SEMARANG,GI 150KV PURWODADI,TRF#2 150/20kV,CG PAUWELS,ORF.60/275,29-Okt-2011,2011,14,,,,,,,,,,,,,
632,UPT SEMARANG,GI 150KV PURWODADI,TRF#2 150/20kV,CG PAUWELS,ORF.60/275,29-Okt-2011,2011,14,,,,,,,,,,,,,
633,UPT SEMARANG,GI 150KV PURWODADI,TRF#2 150/20kV,CG PAUWELS,ORF.60/275,29-Okt-2011,2011,14,,,,,,,,,,,,,
634,UPT SEMARANG,GI 150KV PURWODADI,TRF#3 150/20kV,PAUWELS TRAFO ASIA,ORF.30/275,31-Okt-2003,2000,22,,,,,,,,,,,,,
635,UPT SEMARANG,GI 150KV PURWODADI,TRF#3 150/20kV,PAUWELS TRAFO ASIA,ORF.30/275,31-Okt-2003,2000,22,,,,,,,,,,,,,
636,UPT SEMARANG,GI 150KV PURWODADI,TRF#3 150/20kV,PAUWELS TRAFO ASIA,ORF.30/275,31-Okt-2003,2000,22,,,,,,,,,,,,,
637,UPT SEMARANG,GI 150KV PURWODADI,TRF#4 150/20kV,CG PAUWELS,ORF.60/275,6-Feb-2022,2019,4,,,,,,,,,,,,,
638,UPT SEMARANG,GI 150KV PURWODADI,TRF#4 150/20kV,CG PAUWELS,ORF.60/275,6-Feb-2022,2019,4,,,,,,,,,,,,,
639,UPT SEMARANG,GI 150KV PURWODADI,TRF#4 150/20kV,CG PAUWELS,ORF.60/275,6-Feb-2022,2019,4,,,,,,,,,,,,,
640,UPT SEMARANG,GI 150KV PURWODADI,TRF#1 150/20kV,CG PAUWELS,ORF.60/325,30-Mei-2017,2016,9,,,,,,,,,,,,,
641,UPT SEMARANG,GI 150KV PURWODADI,TRF#1 150/20kV,CG PAUWELS,ORF.60/325,30-Mei-2017,2016,9,,,,,,,,,,,,,
642,UPT SEMARANG,GI 150KV PURWODADI,TRF#1 150/20kV,CG PAUWELS,ORF.60/325,30-Mei-2017,2016,9,,,,,,,,,,,,,
643,UPT SEMARANG,GI 150KV REMBANG,TRF#1 150/20kV,UNINDO,N-RANGE,18-Nov-2007,2007,18,,,,,,,,,,,,,
644,UPT SEMARANG,GI 150KV REMBANG,TRF#1 150/20kV,UNINDO,N-RANGE,18-Nov-2007,2007,18,,,,,,,,,,,,,
645,UPT SEMARANG,GI 150KV REMBANG,TRF#1 150/20kV,UNINDO,N-RANGE,18-Nov-2007,2007,18,,,,,,,,,,,,,
646,UPT SEMARANG,GI 150KV REMBANG,TRF#2 150/22kV,CG PAUWELS,ORF.60/275,21-Nov-2017,2015,8,,,,,,,,,,,,,
647,UPT SEMARANG,GI 150KV REMBANG,TRF#2 150/22kV,CG PAUWELS,ORF.60/275,21-Nov-2017,2015,8,,,,,,,,,,,,,
648,UPT SEMARANG,GI 150KV REMBANG,TRF#2 150/22kV,CG PAUWELS,ORF.60/275,21-Nov-2017,2015,8,,,,,,,,,,,,,
649,UPT SEMARANG,GI 150KV SAYUNG,TRF#3 150/20kV,SIEMENS,TLSN.7852,21-Apr-2005,2004,21,,,,,,,,,,,,,
650,UPT SEMARANG,GI 150KV SAYUNG,TRF#3 150/20kV,SIEMENS,TLSN.7852,21-Apr-2005,2004,21,,,,,,,,,,,,,
651,UPT SEMARANG,GI 150KV SAYUNG,TRF#3 150/20kV,SIEMENS,TLSN.7852,21-Apr-2005,2004,21,,,,,,,,,,,,,
652,UPT SEMARANG,GI 150KV SAYUNG,TRF#2 150/22kV,CG PAUWELS,ORF.60/275,21-Jul-2016,2016,10,,,,,,,,,,,,,
653,UPT SEMARANG,GI 150KV SAYUNG,TRF#2 150/22kV,CG PAUWELS,ORF.60/275,21-Jul-2016,2016,10,,,,,,,,,,,,,
654,UPT SEMARANG,GI 150KV SAYUNG,TRF#2 150/22kV,CG PAUWELS,ORF.60/275,21-Jul-2016,2016,10,,,,,,,,,,,,,
655,UPT SEMARANG,GI 150KV SAYUNG,TRF#1 150/22kV,SCHNEIDER,OIL FILLED WITH CONSERVATOR,2-Feb-2022,2020,4,,,,,,,,,,,,,
656,UPT SEMARANG,GI 150KV SAYUNG,TRF#1 150/22kV,SCHNEIDER,OIL FILLED WITH CONSERVATOR,2-Feb-2022,2020,4,,,,,,,,,,,,,
657,UPT SEMARANG,GI 150KV SAYUNG,TRF#1 150/22kV,SCHNEIDER,OIL FILLED WITH CONSERVATOR,2-Feb-2022,2020,4,,,,,,,,,,,,,
658,UPT SEMARANG,GI 150KV SEMEN GROBOGAN,TRF#2 150/20kV,CG PAUWELS,ORF.60/275,9-Jul-2021,2020,5,R,HSP,STARIP,,RIP,,,,,,,,
659,UPT SEMARANG,GI 150KV SEMEN GROBOGAN,TRF#2 150/20kV,CG PAUWELS,ORF.60/275,9-Jul-2021,2020,5,S,HSP,STARIP,,RIP,,,,,,,,
660,UPT SEMARANG,GI 150KV SEMEN GROBOGAN,TRF#2 150/20kV,CG PAUWELS,ORF.60/275,9-Jul-2021,2020,5,T,HSP,STARIP,,RIP,,,,,,,,
661,UPT SEMARANG,GI 150KV SEMEN INDONESIA,TRF#1 150/22kV,B&D TRANSFORMER,PX-017-COKB,9-Mei-2022,2019,4,,,,,,,,,,,,,
662,UPT SEMARANG,GI 150KV SEMEN INDONESIA,TRF#1 150/22kV,B&D TRANSFORMER,PX-017-COKB,9-Mei-2022,2019,4,,,,,,,,,,,,,
663,UPT SEMARANG,GI 150KV SEMEN INDONESIA,TRF#1 150/22kV,B&D TRANSFORMER,PX-017-COKB,9-Mei-2022,2019,4,,,,,,,,,,,,,
664,UPT SEMARANG,GI 150KV SRONDOL,TRF#2 150/22kV,PAUWELS,ORF.31.5/275,17-Jan-1989,1987,37,,,,,,,,,,,,,
665,UPT SEMARANG,GI 150KV SRONDOL,TRF#2 150/22kV,PAUWELS,ORF.31.5/275,17-Jan-1989,1987,37,,,,,,,,,,,,,
666,UPT SEMARANG,GI 150KV SRONDOL,TRF#2 150/22kV,PAUWELS,ORF.31.5/275,17-Jan-1989,1987,37,,,,,,,,,,,,,
667,UPT SEMARANG,GI 150KV SRONDOL,TRF#1 150/20kV,CG PAUWELS,ORF.60/275,29-Jun-2016,2015,10,,,,,,,,,,,,,
668,UPT SEMARANG,GI 150KV SRONDOL,TRF#1 150/20kV,CG PAUWELS,ORF.60/275,29-Jun-2016,2015,10,,,,,,,,,,,,,
669,UPT SEMARANG,GI 150KV SRONDOL,TRF#1 150/20kV,CG PAUWELS,ORF.60/275,29-Jun-2016,2015,10,,,,,,,,,,,,,
670,UPT SEMARANG,GI 150KV TANJUNG JATI,TRF#1 150/20kV,CG PAUWELS,ORF.60/325,15-Agu-2011,2011,14,,,,,,,,,,,,,
671,UPT SEMARANG,GI 150KV TANJUNG JATI,TRF#1 150/20kV,CG PAUWELS,ORF.60/325,15-Agu-2011,2011,14,,,,,,,,,,,,,
672,UPT SEMARANG,GI 150KV TANJUNG JATI,TRF#1 150/20kV,CG PAUWELS,ORF.60/325,15-Agu-2011,2011,14,,,,,,,,,,,,,
673,UPT SEMARANG,GI 150KV UNGARAN,TRF#2 150/20kV,UNINDO,MPT,20-Okt-2016,2015,9,,,,,,,,,,,,,
674,UPT SEMARANG,GI 150KV UNGARAN,TRF#2 150/20kV,UNINDO,MPT,20-Okt-2016,2015,9,,,,,,,,,,,,,
675,UPT SEMARANG,GI 150KV UNGARAN,TRF#2 150/20kV,UNINDO,MPT,20-Okt-2016,2015,9,,,,,,,,,,,,,
676,UPT SEMARANG,GI 150KV UNGARAN,TRF#3 150/20kV,B&D TRANSFORMER,PX-001-FOHB,6-Jul-2020,2017,6,,,,,,,,,,,,,
677,UPT SEMARANG,GI 150KV UNGARAN,TRF#3 150/20kV,B&D TRANSFORMER,PX-001-FOHB,6-Jul-2020,2017,6,,,,,,,,,,,,,
678,UPT SEMARANG,GI 150KV UNGARAN,TRF#3 150/20kV,B&D TRANSFORMER,PX-001-FOHB,6-Jul-2020,2017,6,,,,,,,,,,,,,
679,UPT SEMARANG,GI 150KV WELERI,TRF#2 150/22kV,UNINDO,MPT,24-Okt-2016,2016,9,,,,,,,,,,,,,
680,UPT SEMARANG,GI 150KV WELERI,TRF#2 150/22kV,UNINDO,MPT,24-Okt-2016,2016,9,,,,,,,,,,,,,
681,UPT SEMARANG,GI 150KV WELERI,TRF#2 150/22kV,UNINDO,MPT,24-Okt-2016,2016,9,,,,,,,,,,,,,
682,UPT SEMARANG,GI 150KV WELERI,TRF#1 150/20kV,CG PAUWELS,ORF.60/325,12-Apr-2017,2016,9,,,,,,,,,,,,,
683,UPT SEMARANG,GI 150KV WELERI,TRF#1 150/20kV,CG PAUWELS,ORF.60/325,12-Apr-2017,2016,9,,,,,,,,,,,,,
684,UPT SEMARANG,GI 150KV WELERI,TRF#1 150/20kV,CG PAUWELS,ORF.60/325,12-Apr-2017,2016,9,,,,,,,,,,,,,
685,UPT SEMARANG,GIS 150KV KALISARI,TRF#2 150/20kV,XIAN,SFZ-60000/150,1-Mei-1996,1995,30,,,,,,,,,,,,,
686,UPT SEMARANG,GIS 150KV KALISARI,TRF#2 150/20kV,XIAN,SFZ-60000/150,1-Mei-1996,1995,30,,,,,,,,,,,,,
687,UPT SEMARANG,GIS 150KV KALISARI,TRF#2 150/20kV,XIAN,SFZ-60000/150,1-Mei-1996,1995,30,,,,,,,,,,,,,
688,UPT SEMARANG,GIS 150KV KALISARI,TRF#1 150/20kV,XIAN,SFZ-60000/150,1-Mei-1996,1995,30,,,,,,,,,,,,,
689,UPT SEMARANG,GIS 150KV KALISARI,TRF#1 150/20kV,XIAN,SFZ-60000/150,1-Mei-1996,1995,30,,,,,,,,,,,,,
690,UPT SEMARANG,GIS 150KV KALISARI,TRF#1 150/20kV,XIAN,SFZ-60000/150,1-Mei-1996,1995,30,,,,,,,,,,,,,
691,UPT SEMARANG,GIS 150KV PUDAKPAYUNG,TRF#1 150/20kV,PAUWELS TRAFO ASIA,ORF.60/275,1-Jan-2000,1997,26,,,,,,,,,,,,,
692,UPT SEMARANG,GIS 150KV PUDAKPAYUNG,TRF#1 150/20kV,PAUWELS TRAFO ASIA,ORF.60/275,1-Jan-2000,1997,26,,,,,,,,,,,,,
693,UPT SEMARANG,GIS 150KV PUDAKPAYUNG,TRF#1 150/20kV,PAUWELS TRAFO ASIA,ORF.60/275,1-Jan-2000,1997,26,,,,,,,,,,,,,
694,UPT SEMARANG,GIS 150KV PUDAKPAYUNG,TRF#2 150/20kV,CG PAUWELS,ORF.60/275,5-Mei-2021,2016,5,,,,,,,,,,,,,
695,UPT SEMARANG,GIS 150KV PUDAKPAYUNG,TRF#2 150/20kV,CG PAUWELS,ORF.60/275,5-Mei-2021,2016,5,,,,,,,,,,,,,
696,UPT SEMARANG,GIS 150KV PUDAKPAYUNG,TRF#2 150/20kV,CG PAUWELS,ORF.60/275,5-Mei-2021,2016,5,,,,,,,,,,,,,
697,UPT SEMARANG,GIS 150KV RANDUGARUT,TRF#2 150/20kV,UNINDO,N-RANGE,7-Mei-2015,2010,11,,,,,,,,,,,,,
698,UPT SEMARANG,GIS 150KV RANDUGARUT,TRF#2 150/20kV,UNINDO,N-RANGE,7-Mei-2015,2010,11,,,,,,,,,,,,,
699,UPT SEMARANG,GIS 150KV RANDUGARUT,TRF#2 150/20kV,UNINDO,N-RANGE,7-Mei-2015,2010,11,,,,,,,,,,,,,
700,UPT SEMARANG,GIS 150KV RANDUGARUT,TRF#1 150/20kV,PAUWELS TRAFO ASIA,ORF.60/275,6-Jan-1999,1996,27,,,,,,,,,,,,,
701,UPT SEMARANG,GIS 150KV RANDUGARUT,TRF#1 150/20kV,PAUWELS TRAFO ASIA,ORF.60/275,6-Jan-1999,1996,27,,,,,,,,,,,,,
702,UPT SEMARANG,GIS 150KV RANDUGARUT,TRF#1 150/20kV,PAUWELS TRAFO ASIA,ORF.60/275,6-Jan-1999,1996,27,,,,,,,,,,,,,
703,UPT SEMARANG,GIS 150KV SIMPANGLIMA,TRF#2 150/20kV,UNINDO,N-RANGE,1-Feb-2012,2010,14,,,,,,,,,,,,,
704,UPT SEMARANG,GIS 150KV SIMPANGLIMA,TRF#2 150/20kV,UNINDO,N-RANGE,1-Feb-2012,2010,14,,,,,,,,,,,,,
705,UPT SEMARANG,GIS 150KV SIMPANGLIMA,TRF#2 150/20kV,UNINDO,N-RANGE,1-Feb-2012,2010,14,,,,,,,,,,,,,
706,UPT SEMARANG,GIS 150KV SIMPANGLIMA,TRF#1 150/20kV,PAUWELS TRAFO ASIA,ORF.60/275,13-Okt-1997,1996,28,,,,,,,,,,,,,
707,UPT SEMARANG,GIS 150KV SIMPANGLIMA,TRF#1 150/20kV,PAUWELS TRAFO ASIA,ORF.60/275,13-Okt-1997,1996,28,,,,,,,,,,,,,
708,UPT SEMARANG,GIS 150KV SIMPANGLIMA,TRF#1 150/20kV,PAUWELS TRAFO ASIA,ORF.60/275,13-Okt-1997,1996,28,,,,,,,,,,,,,
709,UPT SEMARANG,GIS 150kV TAMBAKLOROK III,TRF#1 150/20kV,CG PAUWELS,ORF.60/275,24-Mei-2014,2014,12,,,,,,,,,,,,,
710,UPT SEMARANG,GIS 150kV TAMBAKLOROK III,TRF#1 150/20kV,CG PAUWELS,ORF.60/275,24-Mei-2014,2014,12,,,,,,,,,,,,,
711,UPT SEMARANG,GIS 150kV TAMBAKLOROK III,TRF#1 150/20kV,CG PAUWELS,ORF.60/275,24-Mei-2014,2014,12,,,,,,,,,,,,,
712,UPT SEMARANG,GIS 150kV TAMBAKLOROK III,TRF#2 150/20kV,UNINDO,N/A,12-Sep-2016,2015,9,,,,,,,,,,,,,
713,UPT SEMARANG,GIS 150kV TAMBAKLOROK III,TRF#2 150/20kV,UNINDO,N/A,12-Sep-2016,2015,9,,,,,,,,,,,,,
714,UPT SEMARANG,GIS 150kV TAMBAKLOROK III,TRF#2 150/20kV,UNINDO,N/A,12-Sep-2016,2015,9,,,,,,,,,,,,,
715,UPT SEMARANG,GITET 500KV UNGARAN,IBT#1 500/150kV (HV),ELIN,TEQ-205R55F9K-99,15-Okt-1985,1983,40,H.R,,,,OIP,,,,,GOOD,,,
716,UPT SEMARANG,GITET 500KV UNGARAN,IBT#1 500/150kV (HV),ELIN,TEQ-205R55F9K-99,15-Okt-1985,1983,40,L.R,,,,OIP,,,,,GOOD,,,
717,UPT SEMARANG,GITET 500KV UNGARAN,IBT#1 500/150kV (HV),ELIN,TEQ-205R55F9K-99,15-Okt-1985,1983,40,TV.1,,,,,,,,,,,,
718,UPT SEMARANG,GITET 500KV UNGARAN,IBT#1 500/150kV (HV),ELIN,TEQ-205R55F9K-99,15-Okt-1985,1983,40,TV.2,,,,,,,,,,,,
719,UPT SEMARANG,GITET 500KV UNGARAN,IBT#1 500/150kV (HV),ELIN,TEQ-205R55F9K-99,1-Jan-1993,1992,33,H.S,,,,OIP,,,,,GOOD,,,
720,UPT SEMARANG,GITET 500KV UNGARAN,IBT#1 500/150kV (HV),ELIN,TEQ-205R55F9K-99,1-Jan-1993,1992,33,L.S,,,,OIP,,,,,GOOD,,,
721,UPT SEMARANG,GITET 500KV UNGARAN,IBT#1 500/150kV (HV),ELIN,TEQ-205R55F9K-99,1-Jan-1993,1992,33,TV.1,,,,,,,,,,,,
722,UPT SEMARANG,GITET 500KV UNGARAN,IBT#1 500/150kV (HV),ELIN,TEQ-205R55F9K-99,1-Jan-1993,1992,33,TV.2,,,,,,,,,,,,
723,UPT SEMARANG,GITET 500KV UNGARAN,IBT#1 500/150kV (HV),ELIN,TEQ-205R55F9K-99,15-Okt-1985,1983,40,H.T,,,,OIP,,,,,GOOD,,,
724,UPT SEMARANG,GITET 500KV UNGARAN,IBT#1 500/150kV (HV),ELIN,TEQ-205R55F9K-99,15-Okt-1985,1983,40,L.T,,,,OIP,,,,,GOOD,,,
725,UPT SEMARANG,GITET 500KV UNGARAN,IBT#1 500/150kV (HV),ELIN,TEQ-205R55F9K-99,15-Okt-1985,1983,40,TV.1,,,,,,,,,,,,
726,UPT SEMARANG,GITET 500KV UNGARAN,IBT#1 500/150kV (HV),ELIN,TEQ-205R55F9K-99,15-Okt-1985,1983,40,TV.2,,,,,,,,,,,,
727,UPT SEMARANG,GITET 500KV UNGARAN,IBT#2 500/150kV (HV),ELIN,TEQ-205R55F9K-99,23-Okt-1994,1992,31,H.R,,,,RIP,,,,,,,,
728,UPT SEMARANG,GITET 500KV UNGARAN,IBT#2 500/150kV (HV),ELIN,TEQ-205R55F9K-99,23-Okt-1994,1992,31,L.R,,,,,,,,,,,,
729,UPT SEMARANG,GITET 500KV UNGARAN,IBT#2 500/150kV (HV),ELIN,TEQ-205R55F9K-99,23-Okt-1994,1992,31,TV.1,,,,,,,,,,,,
730,UPT SEMARANG,GITET 500KV UNGARAN,IBT#2 500/150kV (HV),ELIN,TEQ-205R55F9K-99,23-Okt-1994,1992,31,TV.2,,,,,,,,,,,,
731,UPT SEMARANG,GITET 500KV UNGARAN,IBT#2 500/150kV (HV),ELIN,TEQ-205R55F9K-99,23-Okt-1994,1992,31,H.S,,,,RIP,,,,,,,,
732,UPT SEMARANG,GITET 500KV UNGARAN,IBT#2 500/150kV (HV),ELIN,TEQ-205R55F9K-99,23-Okt-1994,1992,31,L.S,,,,,,,,,,,,
733,UPT SEMARANG,GITET 500KV UNGARAN,IBT#2 500/150kV (HV),ELIN,TEQ-205R55F9K-99,23-Okt-1994,1992,31,TV.1,,,,,,,,,,,,
734,UPT SEMARANG,GITET 500KV UNGARAN,IBT#2 500/150kV (HV),ELIN,TEQ-205R55F9K-99,23-Okt-1994,1992,31,TV.2,,,,,,,,,,,,
735,UPT SEMARANG,GITET 500KV UNGARAN,IBT#2 500/150kV (HV),CG PAUWELS,EORF.167/680,11-Okt-2022,2017,3,H.T,,,,OIP,,,,,GOOD,,,
736,UPT SEMARANG,GITET 500KV UNGARAN,IBT#2 500/150kV (HV),CG PAUWELS,EORF.167/680,11-Okt-2022,2017,3,L.T,,,,,,,,,,,,
737,UPT SEMARANG,GITET 500KV UNGARAN,IBT#2 500/150kV (HV),CG PAUWELS,EORF.167/680,11-Okt-2022,2017,3,TV.1,,,,,,,,,,,,
738,UPT SEMARANG,GITET 500KV UNGARAN,IBT#2 500/150kV (HV),CG PAUWELS,EORF.167/680,11-Okt-2022,2017,3,TV.2,,,,,,,,,,,,
739,UPT SEMARANG,GITET 500KV UNGARAN,IBT#3 500/150kV (HV),AREVA,DFSZ-166667/500,8-Jun-2011,2010,15,,,,,,,,,,,,,
740,UPT SEMARANG,GITET 500KV UNGARAN,IBT#3 500/150kV (HV),AREVA,DFSZ-166667/500,8-Jun-2011,2010,15,,,,,,,,,,,,,
741,UPT SEMARANG,GITET 500KV UNGARAN,IBT#3 500/150kV (HV),AREVA,DFSZ-166667/500,8-Jun-2011,2010,15,,,,,,,,,,,,,
742,UPT SEMARANG,GITET 500KV UNGARAN,IBT#3 500/150kV (HV),AREVA,DFSZ-166667/500,8-Jun-2011,2010,15,,,,,,,,,,,,,
743,UPT SEMARANG,GITET 500KV UNGARAN,IBT#3 500/150kV (HV),AREVA,DFSZ-166667/500,8-Jun-2011,2010,15,,,,,,,,,,,,,
744,UPT SEMARANG,GITET 500KV UNGARAN,IBT#3 500/150kV (HV),AREVA,DFSZ-166667/500,8-Jun-2011,2010,15,,,,,,,,,,,,,
745,UPT SEMARANG,GITET 500KV UNGARAN,IBT#3 500/150kV (HV),AREVA,DFSZ-166667/500,8-Jun-2011,2010,15,,,,,,,,,,,,,
746,UPT SEMARANG,GITET 500KV UNGARAN,IBT#3 500/150kV (HV),AREVA,DFSZ-166667/500,8-Jun-2011,2010,15,,,,,,,,,,,,,
747,UPT SEMARANG,GITET 500KV UNGARAN,IBT#3 500/150kV (HV),AREVA,DFSZ-166667/500,8-Jun-2011,2010,15,,,,,,,,,,,,,
748,UPT SEMARANG,GITET 500KV UNGARAN,IBT#3 500/150kV (HV),AREVA,DFSZ-166667/500,8-Jun-2011,2010,15,,,,,,,,,,,,,
749,UPT SEMARANG,GITET 500KV UNGARAN,IBT#3 500/150kV (HV),AREVA,DFSZ-166667/500,8-Jun-2011,2010,15,,,,,,,,,,,,,
750,UPT SEMARANG,GITET 500KV UNGARAN,IBT#3 500/150kV (HV),AREVA,DFSZ-166667/500,8-Jun-2011,2010,15,,,,,,,,,,,,,
751,UPT SALATIGA,GITET 500KV PEDAN,REAKTOR#1,,,,1994,126,,,,,,,,,,,,,
752,UPT SALATIGA,GITET 500KV PEDAN,REAKTOR#2,,,,1994,126,,,,,,,,,,,,,
753,,,,,,,,,,,,,,,,,,,,,
754,,,,,,,,,,,,,,,,,,,,,
755,,,,,,,,,,,,,,,,,,,,,
756,,,,,,,,,,,,,,,,,,,,,
757,,,,,,,,,,,,,,,,,,,,,
758,,,,,,,,,,,,,,,,,,,,,
759,,,,,,,,,,,,,,,,,,,,,
760,,,,,,,,,,,,,,,,,,,,,
761,,,,,,,,,,,,,,,,,,,,,
762,,,,,,,,,,,,,,,,,,,,,
763,,,,,,,,,,,,,,,,,,,,,
764,,,,,,,,,,,,,,,,,,,,,
765,,,,,,,,,,,,,,,,,,,,,
766,,,,,,,,,,,,,,,,,,,,,
767,,,,,,,,,,,,,,,,,,,,,
768,,,,,,,,,,,,,,,,,,,,,
769,,,,,,,,,,,,,,,,,,,,,
770,,,,,,,,,,,,,,,,,,,,,
771,,,,,,,,,,,,,,,,,,,,,
772,,,,,,,,,,,,,,,,,,,,,
773,,,,,,,,,,,,,,,,,,,,,
774,,,,,,,,,,,,,,,,,,,,,
775,,,,,,,,,,,,,,,,,,,,,
776,,,,,,,,,,,,,,,,,,,,,
777,,,,,,,,,,,,,,,,,,,,,
778,,,,,,,,,,,,,,,,,,,,,
779,,,,,,,,,,,,,,,,,,,,,
780,,,,,,,,,,,,,,,,,,,,,
781,,,,,,,,,,,,,,,,,,,,,
782,,,,,,,,,,,,,,,,,,,,,
783,,,,,,,,,,,,,,,,,,,,,
784,,,,,,,,,,,,,,,,,,,,,
785,,,,,,,,,,,,,,,,,,,,,
786,,,,,,,,,,,,,,,,,,,,,
787,,,,,,,,,,,,,,,,,,,,,
788,,,,,,,,,,,,,,,,,,,,,
789,,,,,,,,,,,,,,,,,,,,,
790,,,,,,,,,,,,,,,,,,,,,
791,,,,,,,,,,,,,,,,,,,,,
792,,,,,,,,,,,,,,,,,,,,,
793,,,,,,,,,,,,,,,,,,,,,
794,,,,,,,,,,,,,,,,,,,,,
795,,,,,,,,,,,,,,,,,,,,,
796,,,,,,,,,,,,,,,,,,,,,
797,,,,,,,,,,,,,,,,,,,,,
798,,,,,,,,,,,,,,,,,,,,,
799,,,,,,,,,,,,,,,,,,,,,
800,,,,,,,,,,,,,,,,,,,,,
801,,,,,,,,,,,,,,,,,,,,,
802,,,,,,,,,,,,,,,,,,,,,
803,,,,,,,,,,,,,,,,,,,,,
804,,,,,,,,,,,,,,,,,,,,,
805,,,,,,,,,,,,,,,,,,,,,
806,,,,,,,,,,,,,,,,,,,,,
807,,,,,,,,,,,,,,,,,,,,,
808,,,,,,,,,,,,,,,,,,,,,
809,,,,,,,,,,,,,,,,,,,,,
810,,,,,,,,,,,,,,,,,,,,,
811,,,,,,,,,,,,,,,,,,,,,
812,,,,,,,,,,,,,,,,,,,,,
813,,,,,,,,,,,,,,,,,,,,,
814,,,,,,,,,,,,,,,,,,,,,
815,,,,,,,,,,,,,,,,,,,,,
816,,,,,,,,,,,,,,,,,,,,,
817,,,,,,,,,,,,,,,,,,,,,
818,,,,,,,,,,,,,,,,,,,,,
819,,,,,,,,,,,,,,,,,,,,,
820,,,,,,,,,,,,,,,,,,,,,
821,,,,,,,,,,,,,,,,,,,,,
822,,,,,,,,,,,,,,,,,,,,,